,AircraftTail,Sequence,FlightNo,Origin,Destination,Initial Departure Time,Initial Arrival Time,Departure Date
0,G-AB,1,1157,LGW,EDI,600,800,27-11-2023
1,G-AB,2,1158,EDI,GLA,900,1115,27-11-2023
2,G-AB,3,1159,GLA,BHX,1230,1430,27-11-2023
3,G-AB,4,1160,BHX,GLA,1500,1730,27-11-2023
4,G-AB,5,1161,GLA,MAN,1800,2000,27-11-2023
5,G-AB,6,1162,MAN,LGW,2100,2350,27-11-2023
6,G-AC,1,1115,LTN,MAN,650,920,27-11-2023
7,G-AC,2,1116,MAN,LGW,1005,1240,27-11-2023
8,G-AC,3,1117,LGW,BHX,1350,1825,27-11-2023
9,G-AC,4,1118,BHX,LTN,1905,2320,27-11-2023
10,G-AE,1,1163,LTN,MAN,625,855,27-11-2023
11,G-AE,2,1164,MAN,LTN,940,1215,27-11-2023
12,G-AE,3,1165,LTN,STN,1310,1745,27-11-2023
13,G-AE,4,1166,STN,LTN,1830,2335,27-11-2023
14,G-BA,1,Emp1125,LGW,MAN,630,830,27-11-2023
15,G-BA,2,1126,MAN,GLA,915,1140,27-11-2023
16,G-BA,3,1127,GLA,EDI,1200,1400,27-11-2023
17,G-BA,4,1128,EDI,GLA,1500,1700,27-11-2023
18,G-BA,5,1129,GLA,BRS,1800,2015,27-11-2023
19,G-BA,6,Emp1130,BRS,LGW,2115,2350,27-11-2023
20,G-BB,1,1111,LGW,MAN,625,855,27-11-2023
21,G-BB,2,1112,MAN,LGW,940,1215,27-11-2023
22,G-BB,3,1113,LGW,STN,1310,1745,27-11-2023
23,G-BB,4,1114,STN,LGW,1830,2335,27-11-2023
24,G-BD,1,1131,LGW,STN,525,755,27-11-2023
25,G-BD,2,1132,STN,LGW,840,1115,27-11-2023
26,G-BD,3,1133,LGW,STN,1310,1745,27-11-2023
27,G-BD,4,1134,STN,LGW,1800,2330,27-11-2023
28,G-BE,1,Emp1139,LGW,BRS,600,800,27-11-2023
29,G-BE,2,1140,BRS,GLA,900,1100,27-11-2023
30,G-BE,3,1141,GLA,EDI,1200,1400,27-11-2023
31,G-BE,4,1142,EDI,GLA,1500,1700,27-11-2023
32,G-BE,5,1143,GLA,BRS,1800,2000,27-11-2023
33,G-BE,6,Emp1144,BRS,LGW,2100,2300,27-11-2023
34,G-BG,1,1177,MAN,LGW,630,830,27-11-2023
35,G-BG,2,1178,LGW,GLA,915,1140,27-11-2023
36,G-BG,3,1179,GLA,EDI,1200,1400,27-11-2023
37,G-BG,4,1180,EDI,GLA,1500,1700,27-11-2023
38,G-BG,5,1181,GLA,LGW,1800,2015,27-11-2023
39,G-BG,6,1182,LGW,MAN,2115,2350,27-11-2023
40,G-CA,1,1183,MAN,EDI,650,920,27-11-2023
41,G-CA,2,1184,EDI,MAN,1005,1240,27-11-2023
42,G-CA,3,1185,MAN,LTN,1350,1825,27-11-2023
43,G-CA,4,1186,LTN,MAN,1905,2320,27-11-2023
44,G-CD,1,Emp1119,LGW,BRS,650,900,27-11-2023
45,G-CD,2,1120,BRS,GLA,930,1140,27-11-2023
46,G-CD,3,1121,GLA,EDI,1200,1400,27-11-2023
47,G-CD,4,1122,EDI,GLA,1500,1700,27-11-2023
48,G-CD,5,1123,GLA,BRS,1800,2000,27-11-2023
49,G-CD,6,Emp1124,BRS,LGW,2100,2300,27-11-2023
50,G-AC,1,1163,LTN,MAN,625,855,28-11-2023
51,G-AC,2,1164,MAN,LTN,940,1215,28-11-2023
52,G-AC,3,1165,LTN,STN,1310,1745,28-11-2023
53,G-AC,4,1166,STN,LTN,1830,2335,28-11-2023
54,G-AE,1,1115,LTN,MAN,650,920,28-11-2023
55,G-AE,2,1116,MAN,LGW,1005,1240,28-11-2023
56,G-AE,3,1117,LGW,BHX,1350,1825,28-11-2023
57,G-AE,4,1118,BHX,LTN,1905,2320,28-11-2023
58,G-BA,1,Emp1119,LGW,BRS,650,900,28-11-2023
59,G-BA,2,1120,BRS,GLA,930,1140,28-11-2023
60,G-BA,3,1121,GLA,EDI,1200,1400,28-11-2023
61,G-BA,4,1122,EDI,GLA,1500,1700,28-11-2023
62,G-BA,5,1123,GLA,BRS,1800,2000,28-11-2023
63,G-BA,6,Emp1124,BRS,LGW,2100,2300,28-11-2023
64,G-BD,1,1111,LGW,MAN,625,855,28-11-2023
65,G-BD,2,1112,MAN,LGW,940,1215,28-11-2023
66,G-BD,3,1113,LGW,STN,1310,1745,28-11-2023
67,G-BD,4,1114,STN,LGW,1830,2335,28-11-2023
68,G-BE,1,Emp1125,LGW,MAN,630,830,28-11-2023
69,G-BE,2,1126,MAN,GLA,915,1140,28-11-2023
70,G-BE,3,1127,GLA,EDI,1200,1400,28-11-2023
71,G-BE,4,1128,EDI,GLA,1500,1700,28-11-2023
72,G-BE,5,1129,GLA,BRS,1800,2015,28-11-2023
73,G-BE,6,Emp1130,BRS,LGW,2115,2350,28-11-2023
74,G-BF,1,1196,MAN,LGW,1200,1400,28-11-2023
75,G-BF,2,1197,LGW,GLA,1500,1700,28-11-2023
76,G-BF,3,1198,GLA,EDI,1800,2015,28-11-2023
77,G-BF,4,1199,EDI,MAN,2115,2350,28-11-2023
78,G-BG,1,1171,MAN,BRS,650,900,28-11-2023
79,G-BG,2,1172,BRS,GLA,930,1140,28-11-2023
80,G-BG,3,1173,GLA,EDI,1200,1400,28-11-2023
81,G-BG,4,1174,EDI,GLA,1500,1700,28-11-2023
82,G-BG,5,1175,GLA,LTN,1800,2000,28-11-2023
83,G-BG,6,1176,LTN,MAN,2100,2300,28-11-2023
84,G-CA,1,1183,MAN,EDI,650,920,28-11-2023
85,G-CA,2,1184,EDI,MAN,1005,1240,28-11-2023
86,G-CA,3,1185,MAN,LTN,1350,1825,28-11-2023
87,G-CA,4,1186,LTN,MAN,1905,2320,28-11-2023
88,G-CB,1,1193,LTN,MAN,930,1140,28-11-2023
89,G-CB,2,1194,MAN,LGW,1200,1400,28-11-2023
90,G-CB,3,1195,LGW,LTN,1500,1700,28-11-2023
91,G-CD,1,Emp1139,LGW,BRS,600,800,28-11-2023
92,G-CD,2,1140,BRS,GLA,900,1100,28-11-2023
93,G-CD,3,1141,GLA,EDI,1200,1400,28-11-2023
94,G-CD,4,1142,EDI,GLA,1500,1700,28-11-2023
95,G-CD,5,1143,GLA,BRS,1800,2000,28-11-2023
96,G-CD,6,Emp1144,BRS,LGW,2100,2300,28-11-2023
97,G-AA,1,Emp1119,LGW,BRS,650,900,29-11-2023
98,G-AA,2,1120,BRS,GLA,930,1140,29-11-2023
99,G-AA,3,1121,GLA,EDI,1200,1400,29-11-2023
100,G-AA,4,1122,EDI,GLA,1500,1700,29-11-2023
101,G-AA,5,1123,GLA,BRS,1800,2000,29-11-2023
102,G-AA,6,Emp1124,BRS,LGW,2100,2300,29-11-2023
103,G-AB,1,1151,LGW,BHX,600,800,29-11-2023
104,G-AB,2,1152,BHX,GLA,900,1100,29-11-2023
105,G-AB,3,1153,GLA,MAN,1200,1400,29-11-2023
106,G-AB,4,1154,MAN,GLA,1500,1700,29-11-2023
107,G-AB,5,1155,GLA,BRS,1800,2000,29-11-2023
108,G-AB,6,1156,BRS,LGW,2100,2300,29-11-2023
109,G-AC,1,1135,LTN,EDI,630,900,29-11-2023
110,G-AC,2,1136,EDI,LGW,1000,1230,29-11-2023
111,G-AC,3,1137,LGW,MAN,1330,1800,29-11-2023
112,G-AC,4,1138,MAN,LTN,1900,2300,29-11-2023
113,G-AE,1,1115,LTN,MAN,650,920,29-11-2023
114,G-AE,2,1116,MAN,LGW,1005,1240,29-11-2023
115,G-AE,3,1117,LGW,BHX,1350,1825,29-11-2023
116,G-AE,4,1118,BHX,LTN,1905,2320,29-11-2023
117,G-BA,1,Emp1145,LGW,EDI,600,800,29-11-2023
118,G-BA,2,1146,EDI,GLA,900,1115,29-11-2023
119,G-BA,3,1147,GLA,MAN,1230,1430,29-11-2023
120,G-BA,4,1148,MAN,GLA,1500,1730,29-11-2023
121,G-BA,5,1149,GLA,BRS,1800,2000,29-11-2023
122,G-BA,6,Emp1150,BRS,LGW,2100,2350,29-11-2023
123,G-BB,1,1131,LGW,STN,525,755,29-11-2023
124,G-BB,2,1132,STN,LGW,840,1115,29-11-2023
125,G-BB,3,1133,LGW,STN,1310,1745,29-11-2023
126,G-BB,4,1134,STN,LGW,1800,2330,29-11-2023
127,G-BC,1,1163,LTN,MAN,625,855,29-11-2023
128,G-BC,2,1164,MAN,LTN,940,1215,29-11-2023
129,G-BC,3,1165,LTN,STN,1310,1745,29-11-2023
130,G-BC,4,1166,STN,LTN,1830,2335,29-11-2023
131,G-BD,1,1111,LGW,MAN,625,855,29-11-2023
132,G-BD,2,1112,MAN,LGW,940,1215,29-11-2023
133,G-BD,3,1113,LGW,STN,1310,1745,29-11-2023
134,G-BD,4,1114,STN,LGW,1830,2335,29-11-2023
135,G-BE,1,Emp1125,LGW,MAN,630,830,29-11-2023
136,G-BE,2,1126,MAN,GLA,915,1140,29-11-2023
137,G-BE,3,1127,GLA,EDI,1200,1400,29-11-2023
138,G-BE,4,1128,EDI,GLA,1500,1700,29-11-2023
139,G-BE,5,1129,GLA,BRS,1800,2015,29-11-2023
140,G-BE,6,Emp1130,BRS,LGW,2115,2350,29-11-2023
141,G-BF,1,1196,MAN,LGW,1200,1400,29-11-2023
142,G-BF,2,1197,LGW,GLA,1500,1700,29-11-2023
143,G-BF,3,1198,GLA,EDI,1800,2015,29-11-2023
144,G-BF,4,1199,EDI,MAN,2115,2350,29-11-2023
145,G-BG,1,1171,MAN,BRS,650,900,29-11-2023
146,G-BG,2,1172,BRS,GLA,930,1140,29-11-2023
147,G-BG,3,1173,GLA,EDI,1200,1400,29-11-2023
148,G-BG,4,1174,EDI,GLA,1500,1700,29-11-2023
149,G-BG,5,1175,GLA,LTN,1800,2000,29-11-2023
150,G-BG,6,1176,LTN,MAN,2100,2300,29-11-2023
151,G-CA,1,1183,MAN,EDI,650,920,29-11-2023
152,G-CA,2,1184,EDI,MAN,1005,1240,29-11-2023
153,G-CA,3,1185,MAN,LTN,1350,1825,29-11-2023
154,G-CA,4,1186,LTN,MAN,1905,2320,29-11-2023
155,G-CB,1,1193,LTN,MAN,930,1140,29-11-2023
156,G-CB,2,1194,MAN,LGW,1200,1400,29-11-2023
157,G-CB,3,1195,LGW,LTN,1500,1700,29-11-2023
158,G-CD,1,Emp1139,LGW,BRS,600,800,29-11-2023
159,G-CD,2,1140,BRS,GLA,900,1100,29-11-2023
160,G-CD,3,1141,GLA,EDI,1200,1400,29-11-2023
161,G-CD,4,1142,EDI,GLA,1500,1700,29-11-2023
162,G-CD,5,1143,GLA,BRS,1800,2000,29-11-2023
163,G-CD,6,Emp1144,BRS,LGW,2100,2300,29-11-2023
164,G-AB,1,1157,LGW,EDI,600,800,30-11-2023
165,G-AB,2,1158,EDI,GLA,900,1115,30-11-2023
166,G-AB,3,1159,GLA,BHX,1230,1430,30-11-2023
167,G-AB,4,1160,BHX,GLA,1500,1730,30-11-2023
168,G-AB,5,1161,GLA,MAN,1800,2000,30-11-2023
169,G-AB,6,1162,MAN,LGW,2100,2350,30-11-2023
170,G-AC,1,1115,LTN,MAN,650,920,30-11-2023
171,G-AC,2,1116,MAN,LGW,1005,1240,30-11-2023
172,G-AC,3,1117,LGW,BHX,1350,1825,30-11-2023
173,G-AC,4,1118,BHX,LTN,1905,2320,30-11-2023
174,G-AE,1,1135,LTN,EDI,630,900,30-11-2023
175,G-AE,2,1136,EDI,LGW,1000,1230,30-11-2023
176,G-AE,3,1137,LGW,MAN,1330,1800,30-11-2023
177,G-AE,4,1138,MAN,LTN,1900,2300,30-11-2023
178,G-BA,1,Emp1139,LGW,BRS,600,800,30-11-2023
179,G-BA,2,1140,BRS,GLA,900,1100,30-11-2023
180,G-BA,3,1141,GLA,EDI,1200,1400,30-11-2023
181,G-BA,4,1142,EDI,GLA,1500,1700,30-11-2023
182,G-BA,5,1143,GLA,BRS,1800,2000,30-11-2023
183,G-BA,6,Emp1144,BRS,LGW,2100,2300,30-11-2023
184,G-BB,1,1111,LGW,MAN,625,855,30-11-2023
185,G-BB,2,1112,MAN,LGW,940,1215,30-11-2023
186,G-BB,3,1113,LGW,STN,1310,1745,30-11-2023
187,G-BB,4,1114,STN,LGW,1830,2335,30-11-2023
188,G-BC,1,1163,LTN,MAN,625,855,30-11-2023
189,G-BC,2,1164,MAN,LTN,940,1215,30-11-2023
190,G-BC,3,1165,LTN,STN,1310,1745,30-11-2023
191,G-BC,4,1166,STN,LTN,1830,2335,30-11-2023
192,G-BE,1,Emp1119,LGW,BRS,650,900,30-11-2023
193,G-BE,2,1120,BRS,GLA,930,1140,30-11-2023
194,G-BE,3,1121,GLA,EDI,1200,1400,30-11-2023
195,G-BE,4,1122,EDI,GLA,1500,1700,30-11-2023
196,G-BE,5,1123,GLA,BRS,1800,2000,30-11-2023
197,G-BE,6,Emp1124,BRS,LGW,2100,2300,30-11-2023
198,G-BF,1,1196,MAN,LGW,1200,1400,30-11-2023
199,G-BF,2,1197,LGW,GLA,1500,1700,30-11-2023
200,G-BF,3,1198,GLA,EDI,1800,2015,30-11-2023
201,G-BF,4,1199,EDI,MAN,2115,2350,30-11-2023
202,G-BG,1,1177,MAN,LGW,630,830,30-11-2023
203,G-BG,2,1178,LGW,GLA,915,1140,30-11-2023
204,G-BG,3,1179,GLA,EDI,1200,1400,30-11-2023
205,G-BG,4,1180,EDI,GLA,1500,1700,30-11-2023
206,G-BG,5,1181,GLA,LGW,1800,2015,30-11-2023
207,G-BG,6,1182,LGW,MAN,2115,2350,30-11-2023
208,G-CA,1,1183,MAN,EDI,650,920,30-11-2023
209,G-CA,2,1184,EDI,MAN,1005,1240,30-11-2023
210,G-CA,3,1185,MAN,LTN,1350,1825,30-11-2023
211,G-CA,4,1186,LTN,MAN,1905,2320,30-11-2023
212,G-CB,1,1190,LTN,MAN,1005,1240,30-11-2023
213,G-CB,2,1191,MAN,LGW,1350,1825,30-11-2023
214,G-CB,3,1192,LGW,LTN,1905,2320,30-11-2023
215,G-CD,1,Emp1125,LGW,MAN,630,830,30-11-2023
216,G-CD,2,1126,MAN,GLA,915,1140,30-11-2023
217,G-CD,3,1127,GLA,EDI,1200,1400,30-11-2023
218,G-CD,4,1128,EDI,GLA,1500,1700,30-11-2023
219,G-CD,5,1129,GLA,BRS,1800,2015,30-11-2023
220,G-CD,6,Emp1130,BRS,LGW,2115,2350,30-11-2023
221,G-AB,1,1151,LGW,BHX,600,800,01-12-2023
222,G-AB,2,1152,BHX,GLA,900,1100,01-12-2023
223,G-AB,3,1153,GLA,MAN,1200,1400,01-12-2023
224,G-AB,4,1154,MAN,GLA,1500,1700,01-12-2023
225,G-AB,5,1155,GLA,BRS,1800,2000,01-12-2023
226,G-AB,6,1156,BRS,LGW,2100,2300,01-12-2023
227,G-AC,1,1163,LTN,MAN,625,855,01-12-2023
228,G-AC,2,1164,MAN,LTN,940,1215,01-12-2023
229,G-AC,3,1165,LTN,STN,1310,1745,01-12-2023
230,G-AC,4,1166,STN,LTN,1830,2335,01-12-2023
231,G-AE,1,1115,LTN,MAN,650,920,01-12-2023
232,G-AE,2,1116,MAN,LGW,1005,1240,01-12-2023
233,G-AE,3,1117,LGW,BHX,1350,1825,01-12-2023
234,G-AE,4,1118,BHX,LTN,1905,2320,01-12-2023
235,G-BA,1,Emp1119,LGW,BRS,650,900,01-12-2023
236,G-BA,2,1120,BRS,GLA,930,1140,01-12-2023
237,G-BA,3,1121,GLA,EDI,1200,1400,01-12-2023
238,G-BA,4,1122,EDI,GLA,1500,1700,01-12-2023
239,G-BA,5,1123,GLA,BRS,1800,2000,01-12-2023
240,G-BA,6,Emp1124,BRS,LGW,2100,2300,01-12-2023
241,G-BB,1,1111,LGW,MAN,625,855,01-12-2023
242,G-BB,2,1112,MAN,LGW,940,1215,01-12-2023
243,G-BB,3,1113,LGW,STN,1310,1745,01-12-2023
244,G-BB,4,1114,STN,LGW,1830,2335,01-12-2023
245,G-BC,1,1135,LTN,EDI,630,900,01-12-2023
246,G-BC,2,1136,EDI,LGW,1000,1230,01-12-2023
247,G-BC,3,1137,LGW,MAN,1330,1800,01-12-2023
248,G-BC,4,1138,MAN,LTN,1900,2300,01-12-2023
249,G-BE,1,Emp1125,LGW,MAN,630,830,01-12-2023
250,G-BE,2,1126,MAN,GLA,915,1140,01-12-2023
251,G-BE,3,1127,GLA,EDI,1200,1400,01-12-2023
252,G-BE,4,1128,EDI,GLA,1500,1700,01-12-2023
253,G-BE,5,1129,GLA,BRS,1800,2015,01-12-2023
254,G-BE,6,Emp1130,BRS,LGW,2115,2350,01-12-2023
255,G-BF,1,1196,MAN,LGW,1200,1400,01-12-2023
256,G-BF,2,1197,LGW,GLA,1500,1700,01-12-2023
257,G-BF,3,1198,GLA,EDI,1800,2015,01-12-2023
258,G-BF,4,1199,EDI,MAN,2115,2350,01-12-2023
259,G-BG,1,1177,MAN,LGW,630,830,01-12-2023
260,G-BG,2,1178,LGW,GLA,915,1140,01-12-2023
261,G-BG,3,1179,GLA,EDI,1200,1400,01-12-2023
262,G-BG,4,1180,EDI,GLA,1500,1700,01-12-2023
263,G-BG,5,1181,GLA,LGW,1800,2015,01-12-2023
264,G-BG,6,1182,LGW,MAN,2115,2350,01-12-2023
265,G-CA,1,1183,MAN,EDI,650,920,01-12-2023
266,G-CA,2,1184,EDI,MAN,1005,1240,01-12-2023
267,G-CA,3,1185,MAN,LTN,1350,1825,01-12-2023
268,G-CA,4,1186,LTN,MAN,1905,2320,01-12-2023
269,G-CB,1,1190,LTN,MAN,1005,1240,01-12-2023
270,G-CB,2,1191,MAN,LGW,1350,1825,01-12-2023
271,G-CB,3,1192,LGW,LTN,1905,2320,01-12-2023
272,G-CC,1,1167,LGW,MAN,735,920,01-12-2023
273,G-CC,2,1168,MAN,LGW,1130,1240,01-12-2023
274,G-CC,3,1169,LGW,MAN,1600,1825,01-12-2023
275,G-CC,4,1170,MAN,LGW,2025,2320,01-12-2023
276,G-CD,1,Emp1145,LGW,EDI,600,800,01-12-2023
277,G-CD,2,1146,EDI,GLA,900,1115,01-12-2023
278,G-CD,3,1147,GLA,MAN,1230,1430,01-12-2023
279,G-CD,4,1148,MAN,GLA,1500,1730,01-12-2023
280,G-CD,5,1149,GLA,BRS,1800,2000,01-12-2023
281,G-CD,6,Emp1150,BRS,LGW,2100,2350,01-12-2023
282,G-AB,1,1151,LGW,BHX,600,800,02-12-2023
283,G-AB,2,1152,BHX,GLA,900,1100,02-12-2023
284,G-AB,3,1153,GLA,MAN,1200,1400,02-12-2023
285,G-AB,4,1154,MAN,GLA,1500,1700,02-12-2023
286,G-AB,5,1155,GLA,BRS,1800,2000,02-12-2023
287,G-AB,6,1156,BRS,LGW,2100,2300,02-12-2023
288,G-AC,1,1115,LTN,MAN,650,920,02-12-2023
289,G-AC,2,1116,MAN,LGW,1005,1240,02-12-2023
290,G-AC,3,1117,LGW,BHX,1350,1825,02-12-2023
291,G-AC,4,1118,BHX,LTN,1905,2320,02-12-2023
292,G-AE,1,1163,LTN,MAN,625,855,02-12-2023
293,G-AE,2,1164,MAN,LTN,940,1215,02-12-2023
294,G-AE,3,1165,LTN,STN,1310,1745,02-12-2023
295,G-AE,4,1166,STN,LTN,1830,2335,02-12-2023
296,G-BA,1,Emp1125,LGW,MAN,630,830,02-12-2023
297,G-BA,2,1126,MAN,GLA,915,1140,02-12-2023
298,G-BA,3,1127,GLA,EDI,1200,1400,02-12-2023
299,G-BA,4,1128,EDI,GLA,1500,1700,02-12-2023
300,G-BA,5,1129,GLA,BRS,1800,2015,02-12-2023
301,G-BA,6,Emp1130,BRS,LGW,2115,2350,02-12-2023
302,G-BB,1,1111,LGW,MAN,625,855,02-12-2023
303,G-BB,2,1112,MAN,LGW,940,1215,02-12-2023
304,G-BB,3,1113,LGW,STN,1310,1745,02-12-2023
305,G-BB,4,1114,STN,LGW,1830,2335,02-12-2023
306,G-BC,1,1135,LTN,EDI,630,900,02-12-2023
307,G-BC,2,1136,EDI,LGW,1000,1230,02-12-2023
308,G-BC,3,1137,LGW,MAN,1330,1800,02-12-2023
309,G-BC,4,1138,MAN,LTN,1900,2300,02-12-2023
310,G-BD,1,1167,LGW,MAN,650,920,02-12-2023
311,G-BD,2,1168,MAN,LGW,1005,1240,02-12-2023
312,G-BD,3,1169,LGW,MAN,1350,1825,02-12-2023
313,G-BD,4,1170,MAN,LGW,1905,2320,02-12-2023
314,G-BE,1,Emp1119,LGW,BRS,650,900,02-12-2023
315,G-BE,2,1120,BRS,GLA,930,1140,02-12-2023
316,G-BE,3,1121,GLA,EDI,1200,1400,02-12-2023
317,G-BE,4,1122,EDI,GLA,1500,1700,02-12-2023
318,G-BE,5,1123,GLA,BRS,1800,2000,02-12-2023
319,G-BE,6,Emp1124,BRS,LGW,2100,2300,02-12-2023
320,G-BF,1,1196,MAN,LGW,1200,1400,02-12-2023
321,G-BF,2,1197,LGW,GLA,1500,1700,02-12-2023
322,G-BF,3,1198,GLA,EDI,1800,2015,02-12-2023
323,G-BF,4,1199,EDI,MAN,2115,2350,02-12-2023
324,G-BG,1,1171,MAN,BRS,650,900,02-12-2023
325,G-BG,2,1172,BRS,GLA,930,1140,02-12-2023
326,G-BG,3,1173,GLA,EDI,1200,1400,02-12-2023
327,G-BG,4,1174,EDI,GLA,1500,1700,02-12-2023
328,G-BG,5,1175,GLA,LTN,1800,2000,02-12-2023
329,G-BG,6,1176,LTN,MAN,2100,2300,02-12-2023
330,G-CA,1,1183,MAN,EDI,650,920,02-12-2023
331,G-CA,2,1184,EDI,MAN,1005,1240,02-12-2023
332,G-CA,3,1185,MAN,LTN,1350,1825,02-12-2023
333,G-CA,4,1186,LTN,MAN,1905,2320,02-12-2023
334,G-CB,1,1193,LTN,MAN,930,1140,02-12-2023
335,G-CB,2,1194,MAN,LGW,1200,1400,02-12-2023
336,G-CB,3,1195,LGW,LTN,1500,1700,02-12-2023
337,G-CC,1,1131,LGW,STN,525,755,02-12-2023
338,G-CC,2,1132,STN,LGW,840,1115,02-12-2023
339,G-CC,3,1133,LGW,STN,1310,1745,02-12-2023
340,G-CC,4,1134,STN,LGW,1800,2330,02-12-2023
341,G-CD,1,Emp1139,LGW,BRS,600,800,02-12-2023
342,G-CD,2,1140,BRS,GLA,900,1100,02-12-2023
343,G-CD,3,1141,GLA,EDI,1200,1400,02-12-2023
344,G-CD,4,1142,EDI,GLA,1500,1700,02-12-2023
345,G-CD,5,1143,GLA,BRS,1800,2000,02-12-2023
346,G-CD,6,Emp1144,BRS,LGW,2100,2300,02-12-2023
347,G-AB,1,1157,LGW,EDI,600,800,03-12-2023
348,G-AB,2,1158,EDI,GLA,900,1115,03-12-2023
349,G-AB,3,1159,GLA,BHX,1230,1430,03-12-2023
350,G-AB,4,1160,BHX,GLA,1500,1730,03-12-2023
351,G-AB,5,1161,GLA,MAN,1800,2000,03-12-2023
352,G-AB,6,1162,MAN,LGW,2100,2350,03-12-2023
353,G-AC,1,1115,LTN,MAN,650,920,03-12-2023
354,G-AC,2,1116,MAN,LGW,1005,1240,03-12-2023
355,G-AC,3,1117,LGW,BHX,1350,1825,03-12-2023
356,G-AC,4,1118,BHX,LTN,1905,2320,03-12-2023
357,G-BA,1,Emp1139,LGW,BRS,600,800,03-12-2023
358,G-BA,2,1140,BRS,GLA,900,1100,03-12-2023
359,G-BA,3,1141,GLA,EDI,1200,1400,03-12-2023
360,G-BA,4,1142,EDI,GLA,1500,1700,03-12-2023
361,G-BA,5,1143,GLA,BRS,1800,2000,03-12-2023
362,G-BA,6,Emp1144,BRS,LGW,2100,2300,03-12-2023
363,G-BB,1,1111,LGW,MAN,625,855,03-12-2023
364,G-BB,2,1112,MAN,LGW,940,1215,03-12-2023
365,G-BB,3,1113,LGW,STN,1310,1745,03-12-2023
366,G-BB,4,1114,STN,LGW,1830,2335,03-12-2023
367,G-BC,1,1135,LTN,EDI,630,900,03-12-2023
368,G-BC,2,1136,EDI,LGW,1000,1230,03-12-2023
369,G-BC,3,1137,LGW,MAN,1330,1800,03-12-2023
370,G-BC,4,1138,MAN,LTN,1900,2300,03-12-2023
371,G-BD,1,1167,LGW,MAN,650,920,03-12-2023
372,G-BD,2,1168,MAN,LGW,1005,1240,03-12-2023
373,G-BD,3,1169,LGW,MAN,1350,1825,03-12-2023
374,G-BD,4,1170,MAN,LGW,1905,2320,03-12-2023
375,G-BF,1,1196,MAN,LGW,1200,1400,03-12-2023
376,G-BF,2,1197,LGW,GLA,1500,1700,03-12-2023
377,G-BF,3,1198,GLA,EDI,1800,2015,03-12-2023
378,G-BF,4,1199,EDI,MAN,2115,2350,03-12-2023
379,G-BG,1,1206,MAN,LTN,630,830,03-12-2023
380,G-BG,2,1207,LTN,GLA,915,1140,03-12-2023
381,G-BG,3,1208,GLA,MAN,1200,1400,03-12-2023
382,G-BG,4,1209,MAN,GLA,1500,1700,03-12-2023
383,G-BG,5,1210,GLA,LTN,1800,2015,03-12-2023
384,G-BG,6,1211,LTN,MAN,2115,2350,03-12-2023
385,G-CA,1,1183,MAN,EDI,650,920,03-12-2023
386,G-CA,2,1184,EDI,MAN,1005,1240,03-12-2023
387,G-CA,3,1185,MAN,LTN,1350,1825,03-12-2023
388,G-CA,4,1186,LTN,MAN,1905,2320,03-12-2023
389,G-CB,1,1193,LTN,MAN,930,1140,03-12-2023
390,G-CB,2,1194,MAN,LGW,1200,1400,03-12-2023
391,G-CB,3,1195,LGW,LTN,1500,1700,03-12-2023
392,G-CD,1,Emp1125,LGW,MAN,630,830,03-12-2023
393,G-CD,2,1126,MAN,GLA,915,1140,03-12-2023
394,G-CD,3,1127,GLA,EDI,1200,1400,03-12-2023
395,G-CD,4,1128,EDI,GLA,1500,1700,03-12-2023
396,G-CD,5,1129,GLA,BRS,1800,2015,03-12-2023
397,G-CD,6,Emp1130,BRS,LGW,2115,2350,03-12-2023
398,G-AB,1,1151,LGW,BHX,600,800,04-12-2023
399,G-AB,2,1152,BHX,GLA,900,1100,04-12-2023
400,G-AB,3,1153,GLA,MAN,1200,1400,04-12-2023
401,G-AB,4,1154,MAN,GLA,1500,1700,04-12-2023
402,G-AB,5,1155,GLA,BRS,1800,2000,04-12-2023
403,G-AB,6,1156,BRS,LGW,2100,2300,04-12-2023
404,G-AC,1,1115,LTN,MAN,650,920,04-12-2023
405,G-AC,2,1116,MAN,LGW,1005,1240,04-12-2023
406,G-AC,3,1117,LGW,BHX,1350,1825,04-12-2023
407,G-AC,4,1118,BHX,LTN,1905,2320,04-12-2023
408,G-AE,1,1135,LTN,EDI,630,900,04-12-2023
409,G-AE,2,1136,EDI,LGW,1000,1230,04-12-2023
410,G-AE,3,1137,LGW,MAN,1330,1800,04-12-2023
411,G-AE,4,1138,MAN,LTN,1900,2300,04-12-2023
412,G-BA,1,Emp1119,LGW,BRS,650,900,04-12-2023
413,G-BA,2,1120,BRS,GLA,930,1140,04-12-2023
414,G-BA,3,1121,GLA,EDI,1200,1400,04-12-2023
415,G-BA,4,1122,EDI,GLA,1500,1700,04-12-2023
416,G-BA,5,1123,GLA,BRS,1800,2000,04-12-2023
417,G-BA,6,Emp1124,BRS,LGW,2100,2300,04-12-2023
418,G-BB,1,1131,LGW,STN,525,755,04-12-2023
419,G-BB,2,1132,STN,LGW,840,1115,04-12-2023
420,G-BB,3,1133,LGW,STN,1310,1745,04-12-2023
421,G-BB,4,1134,STN,LGW,1800,2330,04-12-2023
422,G-BD,1,1111,LGW,MAN,625,855,04-12-2023
423,G-BD,2,1112,MAN,LGW,940,1215,04-12-2023
424,G-BD,3,1113,LGW,STN,1310,1745,04-12-2023
425,G-BD,4,1114,STN,LGW,1830,2335,04-12-2023
426,G-BE,1,Emp1125,LGW,MAN,630,830,04-12-2023
427,G-BE,2,1126,MAN,GLA,915,1140,04-12-2023
428,G-BE,3,1127,GLA,EDI,1200,1400,04-12-2023
429,G-BE,4,1128,EDI,GLA,1500,1700,04-12-2023
430,G-BE,5,1129,GLA,BRS,1800,2015,04-12-2023
431,G-BE,6,Emp1130,BRS,LGW,2115,2350,04-12-2023
432,G-BG,1,1177,MAN,LGW,630,830,04-12-2023
433,G-BG,2,1178,LGW,GLA,915,1140,04-12-2023
434,G-BG,3,1179,GLA,EDI,1200,1400,04-12-2023
435,G-BG,4,1180,EDI,GLA,1500,1700,04-12-2023
436,G-BG,5,1181,GLA,LGW,1800,2015,04-12-2023
437,G-BG,6,1182,LGW,MAN,2115,2350,04-12-2023
438,G-CA,1,1196,MAN,LGW,1200,1400,04-12-2023
439,G-CA,2,1197,LGW,GLA,1500,1700,04-12-2023
440,G-CA,3,1198,GLA,EDI,1800,2015,04-12-2023
441,G-CA,4,1199,EDI,MAN,2115,2350,04-12-2023
442,G-CC,1,1167,LGW,MAN,735,920,04-12-2023
443,G-CC,2,1168,MAN,LGW,1130,1240,04-12-2023
444,G-CC,3,1169,LGW,MAN,1600,1825,04-12-2023
445,G-CC,4,1170,MAN,LGW,2025,2320,04-12-2023
446,G-CD,1,Emp1139,LGW,BRS,600,800,04-12-2023
447,G-CD,2,1140,BRS,GLA,900,1100,04-12-2023
448,G-CD,3,1141,GLA,EDI,1200,1400,04-12-2023
449,G-CD,4,1142,EDI,GLA,1500,1700,04-12-2023
450,G-CD,5,1143,GLA,BRS,1800,2000,04-12-2023
451,G-CD,6,Emp1144,BRS,LGW,2100,2300,04-12-2023
452,G-AC,1,1115,LTN,MAN,650,920,05-12-2023
453,G-AC,2,1116,MAN,LGW,1005,1240,05-12-2023
454,G-AC,3,1117,LGW,BHX,1350,1825,05-12-2023
455,G-AC,4,1118,BHX,LTN,1905,2320,05-12-2023
456,G-AE,1,1163,LTN,MAN,625,855,05-12-2023
457,G-AE,2,1164,MAN,LTN,940,1215,05-12-2023
458,G-AE,3,1165,LTN,STN,1310,1745,05-12-2023
459,G-AE,4,1166,STN,LTN,1830,2335,05-12-2023
460,G-BA,1,Emp1119,LGW,BRS,650,900,05-12-2023
461,G-BA,2,1120,BRS,GLA,930,1140,05-12-2023
462,G-BA,3,1121,GLA,EDI,1200,1400,05-12-2023
463,G-BA,4,1122,EDI,GLA,1500,1700,05-12-2023
464,G-BA,5,1123,GLA,BRS,1800,2000,05-12-2023
465,G-BA,6,Emp1124,BRS,LGW,2100,2300,05-12-2023
466,G-BD,1,1167,LGW,MAN,650,920,05-12-2023
467,G-BD,2,1168,MAN,LGW,1005,1240,05-12-2023
468,G-BD,3,1169,LGW,MAN,1350,1825,05-12-2023
469,G-BD,4,1170,MAN,LGW,1905,2320,05-12-2023
470,G-BE,1,Emp1125,LGW,MAN,630,830,05-12-2023
471,G-BE,2,1126,MAN,GLA,915,1140,05-12-2023
472,G-BE,3,1127,GLA,EDI,1200,1400,05-12-2023
473,G-BE,4,1128,EDI,GLA,1500,1700,05-12-2023
474,G-BE,5,1129,GLA,BRS,1800,2015,05-12-2023
475,G-BE,6,Emp1130,BRS,LGW,2115,2350,05-12-2023
476,G-BF,1,1196,MAN,LGW,1200,1400,05-12-2023
477,G-BF,2,1197,LGW,GLA,1500,1700,05-12-2023
478,G-BF,3,1198,GLA,EDI,1800,2015,05-12-2023
479,G-BF,4,1199,EDI,MAN,2115,2350,05-12-2023
480,G-BG,1,1171,MAN,BRS,650,900,05-12-2023
481,G-BG,2,1172,BRS,GLA,930,1140,05-12-2023
482,G-BG,3,1173,GLA,EDI,1200,1400,05-12-2023
483,G-BG,4,1174,EDI,GLA,1500,1700,05-12-2023
484,G-BG,5,1175,GLA,LTN,1800,2000,05-12-2023
485,G-BG,6,1176,LTN,MAN,2100,2300,05-12-2023
486,G-CA,1,1183,MAN,EDI,650,920,05-12-2023
487,G-CA,2,1184,EDI,MAN,1005,1240,05-12-2023
488,G-CA,3,1185,MAN,LTN,1350,1825,05-12-2023
489,G-CA,4,1186,LTN,MAN,1905,2320,05-12-2023
490,G-CB,1,1190,LTN,MAN,1005,1240,05-12-2023
491,G-CB,2,1191,MAN,LGW,1350,1825,05-12-2023
492,G-CB,3,1192,LGW,LTN,1905,2320,05-12-2023
493,G-CC,1,1111,LGW,MAN,625,855,05-12-2023
494,G-CC,2,1112,MAN,LGW,940,1215,05-12-2023
495,G-CC,3,1113,LGW,STN,1310,1745,05-12-2023
496,G-CC,4,1114,STN,LGW,1830,2335,05-12-2023
497,G-CD,1,Emp1139,LGW,BRS,600,800,05-12-2023
498,G-CD,2,1140,BRS,GLA,900,1100,05-12-2023
499,G-CD,3,1141,GLA,EDI,1200,1400,05-12-2023
500,G-CD,4,1142,EDI,GLA,1500,1700,05-12-2023
501,G-CD,5,1143,GLA,BRS,1800,2000,05-12-2023
502,G-CD,6,Emp1144,BRS,LGW,2100,2300,05-12-2023
503,G-AB,1,1157,LGW,EDI,600,800,06-12-2023
504,G-AB,2,1158,EDI,GLA,900,1115,06-12-2023
505,G-AB,3,1159,GLA,BHX,1230,1430,06-12-2023
506,G-AB,4,1160,BHX,GLA,1500,1730,06-12-2023
507,G-AB,5,1161,GLA,MAN,1800,2000,06-12-2023
508,G-AB,6,1162,MAN,LGW,2100,2350,06-12-2023
509,G-AC,1,1115,LTN,MAN,650,920,06-12-2023
510,G-AC,2,1116,MAN,LGW,1005,1240,06-12-2023
511,G-AC,3,1117,LGW,BHX,1350,1825,06-12-2023
512,G-AC,4,1118,BHX,LTN,1905,2320,06-12-2023
513,G-AE,1,1163,LTN,MAN,625,855,06-12-2023
514,G-AE,2,1164,MAN,LTN,940,1215,06-12-2023
515,G-AE,3,1165,LTN,STN,1310,1745,06-12-2023
516,G-AE,4,1166,STN,LTN,1830,2335,06-12-2023
517,G-BA,1,Emp1119,LGW,BRS,650,900,06-12-2023
518,G-BA,2,1120,BRS,GLA,930,1140,06-12-2023
519,G-BA,3,1121,GLA,EDI,1200,1400,06-12-2023
520,G-BA,4,1122,EDI,GLA,1500,1700,06-12-2023
521,G-BA,5,1123,GLA,BRS,1800,2000,06-12-2023
522,G-BA,6,Emp1124,BRS,LGW,2100,2300,06-12-2023
523,G-BB,1,1111,LGW,MAN,625,855,06-12-2023
524,G-BB,2,1112,MAN,LGW,940,1215,06-12-2023
525,G-BB,3,1113,LGW,STN,1310,1745,06-12-2023
526,G-BB,4,1114,STN,LGW,1830,2335,06-12-2023
527,G-BC,1,1135,LTN,EDI,630,900,06-12-2023
528,G-BC,2,1136,EDI,LGW,1000,1230,06-12-2023
529,G-BC,3,1137,LGW,MAN,1330,1800,06-12-2023
530,G-BC,4,1138,MAN,LTN,1900,2300,06-12-2023
531,G-BD,1,1167,LGW,MAN,735,920,06-12-2023
532,G-BD,2,1168,MAN,LGW,1130,1240,06-12-2023
533,G-BD,3,1169,LGW,MAN,1600,1825,06-12-2023
534,G-BD,4,1170,MAN,LGW,2025,2320,06-12-2023
535,G-BE,1,Emp1145,LGW,EDI,600,800,06-12-2023
536,G-BE,2,1146,EDI,GLA,900,1115,06-12-2023
537,G-BE,3,1147,GLA,MAN,1230,1430,06-12-2023
538,G-BE,4,1148,MAN,GLA,1500,1730,06-12-2023
539,G-BE,5,1149,GLA,BRS,1800,2000,06-12-2023
540,G-BE,6,Emp1150,BRS,LGW,2100,2350,06-12-2023
541,G-BF,1,1196,MAN,LGW,1200,1400,06-12-2023
542,G-BF,2,1197,LGW,GLA,1500,1700,06-12-2023
543,G-BF,3,1198,GLA,EDI,1800,2015,06-12-2023
544,G-BF,4,1199,EDI,MAN,2115,2350,06-12-2023
545,G-BG,1,1171,MAN,BRS,650,900,06-12-2023
546,G-BG,2,1172,BRS,GLA,930,1140,06-12-2023
547,G-BG,3,1173,GLA,EDI,1200,1400,06-12-2023
548,G-BG,4,1174,EDI,GLA,1500,1700,06-12-2023
549,G-BG,5,1175,GLA,LTN,1800,2000,06-12-2023
550,G-BG,6,1176,LTN,MAN,2100,2300,06-12-2023
551,G-CA,1,1183,MAN,EDI,650,920,06-12-2023
552,G-CA,2,1184,EDI,MAN,1005,1240,06-12-2023
553,G-CA,3,1185,MAN,LTN,1350,1825,06-12-2023
554,G-CA,4,1186,LTN,MAN,1905,2320,06-12-2023
555,G-CB,1,1190,LTN,MAN,1005,1240,06-12-2023
556,G-CB,2,1191,MAN,LGW,1350,1825,06-12-2023
557,G-CB,3,1192,LGW,LTN,1905,2320,06-12-2023
558,G-CC,1,1131,LGW,STN,525,755,06-12-2023
559,G-CC,2,1132,STN,LGW,840,1115,06-12-2023
560,G-CC,3,1133,LGW,STN,1310,1745,06-12-2023
561,G-CC,4,1134,STN,LGW,1800,2330,06-12-2023
562,G-CD,1,Emp1125,LGW,MAN,630,830,06-12-2023
563,G-CD,2,1126,MAN,GLA,915,1140,06-12-2023
564,G-CD,3,1127,GLA,EDI,1200,1400,06-12-2023
565,G-CD,4,1128,EDI,GLA,1500,1700,06-12-2023
566,G-CD,5,1129,GLA,BRS,1800,2015,06-12-2023
567,G-CD,6,Emp1130,BRS,LGW,2115,2350,06-12-2023
568,G-AB,1,1151,LGW,BHX,600,800,07-12-2023
569,G-AB,2,1152,BHX,GLA,900,1100,07-12-2023
570,G-AB,3,1153,GLA,MAN,1200,1400,07-12-2023
571,G-AB,4,1154,MAN,GLA,1500,1700,07-12-2023
572,G-AB,5,1155,GLA,BRS,1800,2000,07-12-2023
573,G-AB,6,1156,BRS,LGW,2100,2300,07-12-2023
574,G-AC,1,1163,LTN,MAN,625,855,07-12-2023
575,G-AC,2,1164,MAN,LTN,940,1215,07-12-2023
576,G-AC,3,1165,LTN,STN,1310,1745,07-12-2023
577,G-AC,4,1166,STN,LTN,1830,2335,07-12-2023
578,G-AE,1,1115,LTN,MAN,650,920,07-12-2023
579,G-AE,2,1116,MAN,LGW,1005,1240,07-12-2023
580,G-AE,3,1117,LGW,BHX,1350,1825,07-12-2023
581,G-AE,4,1118,BHX,LTN,1905,2320,07-12-2023
582,G-BA,1,Emp1139,LGW,BRS,600,800,07-12-2023
583,G-BA,2,1140,BRS,GLA,900,1100,07-12-2023
584,G-BA,3,1141,GLA,EDI,1200,1400,07-12-2023
585,G-BA,4,1142,EDI,GLA,1500,1700,07-12-2023
586,G-BA,5,1143,GLA,BRS,1800,2000,07-12-2023
587,G-BA,6,Emp1144,BRS,LGW,2100,2300,07-12-2023
588,G-BB,1,1131,LGW,STN,525,755,07-12-2023
589,G-BB,2,1132,STN,LGW,840,1115,07-12-2023
590,G-BB,3,1133,LGW,STN,1310,1745,07-12-2023
591,G-BB,4,1134,STN,LGW,1800,2330,07-12-2023
592,G-BC,1,1135,LTN,EDI,630,900,07-12-2023
593,G-BC,2,1136,EDI,LGW,1000,1230,07-12-2023
594,G-BC,3,1137,LGW,MAN,1330,1800,07-12-2023
595,G-BC,4,1138,MAN,LTN,1900,2300,07-12-2023
596,G-BE,1,Emp1125,LGW,MAN,630,830,07-12-2023
597,G-BE,2,1126,MAN,GLA,915,1140,07-12-2023
598,G-BE,3,1127,GLA,EDI,1200,1400,07-12-2023
599,G-BE,4,1128,EDI,GLA,1500,1700,07-12-2023
600,G-BE,5,1129,GLA,BRS,1800,2015,07-12-2023
601,G-BE,6,Emp1130,BRS,LGW,2115,2350,07-12-2023
602,G-BF,1,1196,MAN,LGW,1200,1400,07-12-2023
603,G-BF,2,1197,LGW,GLA,1500,1700,07-12-2023
604,G-BF,3,1198,GLA,EDI,1800,2015,07-12-2023
605,G-BF,4,1199,EDI,MAN,2115,2350,07-12-2023
606,G-BG,1,1171,MAN,BRS,650,900,07-12-2023
607,G-BG,2,1172,BRS,GLA,930,1140,07-12-2023
608,G-BG,3,1173,GLA,EDI,1200,1400,07-12-2023
609,G-BG,4,1174,EDI,GLA,1500,1700,07-12-2023
610,G-BG,5,1175,GLA,LTN,1800,2000,07-12-2023
611,G-BG,6,1176,LTN,MAN,2100,2300,07-12-2023
612,G-CA,1,1183,MAN,EDI,650,920,07-12-2023
613,G-CA,2,1184,EDI,MAN,1005,1240,07-12-2023
614,G-CA,3,1185,MAN,LTN,1350,1825,07-12-2023
615,G-CA,4,1186,LTN,MAN,1905,2320,07-12-2023
616,G-CB,1,1190,LTN,MAN,1005,1240,07-12-2023
617,G-CB,2,1191,MAN,LGW,1350,1825,07-12-2023
618,G-CB,3,1192,LGW,LTN,1905,2320,07-12-2023
619,G-CC,1,1111,LGW,MAN,625,855,07-12-2023
620,G-CC,2,1112,MAN,LGW,940,1215,07-12-2023
621,G-CC,3,1113,LGW,STN,1310,1745,07-12-2023
622,G-CC,4,1114,STN,LGW,1830,2335,07-12-2023
623,G-CD,1,Emp1145,LGW,EDI,600,800,07-12-2023
624,G-CD,2,1146,EDI,GLA,900,1115,07-12-2023
625,G-CD,3,1147,GLA,MAN,1230,1430,07-12-2023
626,G-CD,4,1148,MAN,GLA,1500,1730,07-12-2023
627,G-CD,5,1149,GLA,BRS,1800,2000,07-12-2023
628,G-CD,6,Emp1150,BRS,LGW,2100,2350,07-12-2023
629,G-AB,1,1157,LGW,EDI,600,800,08-12-2023
630,G-AB,2,1158,EDI,GLA,900,1115,08-12-2023
631,G-AB,3,1159,GLA,BHX,1230,1430,08-12-2023
632,G-AB,4,1160,BHX,GLA,1500,1730,08-12-2023
633,G-AB,5,1161,GLA,MAN,1800,2000,08-12-2023
634,G-AB,6,1162,MAN,LGW,2100,2350,08-12-2023
635,G-AC,1,1115,LTN,MAN,650,920,08-12-2023
636,G-AC,2,1116,MAN,LGW,1005,1240,08-12-2023
637,G-AC,3,1117,LGW,BHX,1350,1825,08-12-2023
638,G-AC,4,1118,BHX,LTN,1905,2320,08-12-2023
639,G-AE,1,1163,LTN,MAN,625,855,08-12-2023
640,G-AE,2,1164,MAN,LTN,940,1215,08-12-2023
641,G-AE,3,1165,LTN,STN,1310,1745,08-12-2023
642,G-AE,4,1166,STN,LTN,1830,2335,08-12-2023
643,G-BA,1,Emp1119,LGW,BRS,650,900,08-12-2023
644,G-BA,2,1120,BRS,GLA,930,1140,08-12-2023
645,G-BA,3,1121,GLA,EDI,1200,1400,08-12-2023
646,G-BA,4,1122,EDI,GLA,1500,1700,08-12-2023
647,G-BA,5,1123,GLA,BRS,1800,2000,08-12-2023
648,G-BA,6,Emp1124,BRS,LGW,2100,2300,08-12-2023
649,G-BB,1,1131,LGW,STN,525,755,08-12-2023
650,G-BB,2,1132,STN,LGW,840,1115,08-12-2023
651,G-BB,3,1133,LGW,STN,1310,1745,08-12-2023
652,G-BB,4,1134,STN,LGW,1800,2330,08-12-2023
653,G-BC,1,1135,LTN,EDI,630,900,08-12-2023
654,G-BC,2,1136,EDI,LGW,1000,1230,08-12-2023
655,G-BC,3,1137,LGW,MAN,1330,1800,08-12-2023
656,G-BC,4,1138,MAN,LTN,1900,2300,08-12-2023
657,G-BE,1,Emp1125,LGW,MAN,630,830,08-12-2023
658,G-BE,2,1126,MAN,GLA,915,1140,08-12-2023
659,G-BE,3,1127,GLA,EDI,1200,1400,08-12-2023
660,G-BE,4,1128,EDI,GLA,1500,1700,08-12-2023
661,G-BE,5,1129,GLA,BRS,1800,2015,08-12-2023
662,G-BE,6,Emp1130,BRS,LGW,2115,2350,08-12-2023
663,G-BF,1,1196,MAN,LGW,1200,1400,08-12-2023
664,G-BF,2,1197,LGW,GLA,1500,1700,08-12-2023
665,G-BF,3,1198,GLA,EDI,1800,2015,08-12-2023
666,G-BF,4,1199,EDI,MAN,2115,2350,08-12-2023
667,G-BG,1,1177,MAN,LGW,630,830,08-12-2023
668,G-BG,2,1178,LGW,GLA,915,1140,08-12-2023
669,G-BG,3,1179,GLA,EDI,1200,1400,08-12-2023
670,G-BG,4,1180,EDI,GLA,1500,1700,08-12-2023
671,G-BG,5,1181,GLA,LGW,1800,2015,08-12-2023
672,G-BG,6,1182,LGW,MAN,2115,2350,08-12-2023
673,G-CA,1,1183,MAN,EDI,650,920,08-12-2023
674,G-CA,2,1184,EDI,MAN,1005,1240,08-12-2023
675,G-CA,3,1185,MAN,LTN,1350,1825,08-12-2023
676,G-CA,4,1186,LTN,MAN,1905,2320,08-12-2023
677,G-CB,1,1190,LTN,MAN,1005,1240,08-12-2023
678,G-CB,2,1191,MAN,LGW,1350,1825,08-12-2023
679,G-CB,3,1192,LGW,LTN,1905,2320,08-12-2023
680,G-CC,1,1111,LGW,MAN,625,855,08-12-2023
681,G-CC,2,1112,MAN,LGW,940,1215,08-12-2023
682,G-CC,3,1113,LGW,STN,1310,1745,08-12-2023
683,G-CC,4,1114,STN,LGW,1830,2335,08-12-2023
684,G-CD,1,Emp1145,LGW,EDI,600,800,08-12-2023
685,G-CD,2,1146,EDI,GLA,900,1115,08-12-2023
686,G-CD,3,1147,GLA,MAN,1230,1430,08-12-2023
687,G-CD,4,1148,MAN,GLA,1500,1730,08-12-2023
688,G-CD,5,1149,GLA,BRS,1800,2000,08-12-2023
689,G-CD,6,Emp1150,BRS,LGW,2100,2350,08-12-2023
690,G-AB,1,1151,LGW,BHX,600,800,09-12-2023
691,G-AB,2,1152,BHX,GLA,900,1100,09-12-2023
692,G-AB,3,1153,GLA,MAN,1200,1400,09-12-2023
693,G-AB,4,1154,MAN,GLA,1500,1700,09-12-2023
694,G-AB,5,1155,GLA,BRS,1800,2000,09-12-2023
695,G-AB,6,1156,BRS,LGW,2100,2300,09-12-2023
696,G-AC,1,1115,LTN,MAN,650,920,09-12-2023
697,G-AC,2,1116,MAN,LGW,1005,1240,09-12-2023
698,G-AC,3,1117,LGW,BHX,1350,1825,09-12-2023
699,G-AC,4,1118,BHX,LTN,1905,2320,09-12-2023
700,G-AE,1,1163,LTN,MAN,625,855,09-12-2023
701,G-AE,2,1164,MAN,LTN,940,1215,09-12-2023
702,G-AE,3,1165,LTN,STN,1310,1745,09-12-2023
703,G-AE,4,1166,STN,LTN,1830,2335,09-12-2023
704,G-BA,1,Emp1125,LGW,MAN,630,830,09-12-2023
705,G-BA,2,1126,MAN,GLA,915,1140,09-12-2023
706,G-BA,3,1127,GLA,EDI,1200,1400,09-12-2023
707,G-BA,4,1128,EDI,GLA,1500,1700,09-12-2023
708,G-BA,5,1129,GLA,BRS,1800,2015,09-12-2023
709,G-BA,6,Emp1130,BRS,LGW,2115,2350,09-12-2023
710,G-BB,1,1111,LGW,MAN,625,855,09-12-2023
711,G-BB,2,1112,MAN,LGW,940,1215,09-12-2023
712,G-BB,3,1113,LGW,STN,1310,1745,09-12-2023
713,G-BB,4,1114,STN,LGW,1830,2335,09-12-2023
714,G-BC,1,1135,LTN,EDI,630,900,09-12-2023
715,G-BC,2,1136,EDI,LGW,1000,1230,09-12-2023
716,G-BC,3,1137,LGW,MAN,1330,1800,09-12-2023
717,G-BC,4,1138,MAN,LTN,1900,2300,09-12-2023
718,G-BD,1,1167,LGW,MAN,650,920,09-12-2023
719,G-BD,2,1168,MAN,LGW,1005,1240,09-12-2023
720,G-BD,3,1169,LGW,MAN,1350,1825,09-12-2023
721,G-BD,4,1170,MAN,LGW,1905,2320,09-12-2023
722,G-BE,1,Emp1145,LGW,EDI,600,800,09-12-2023
723,G-BE,2,1146,EDI,GLA,900,1115,09-12-2023
724,G-BE,3,1147,GLA,MAN,1230,1430,09-12-2023
725,G-BE,4,1148,MAN,GLA,1500,1730,09-12-2023
726,G-BE,5,1149,GLA,BRS,1800,2000,09-12-2023
727,G-BE,6,Emp1150,BRS,LGW,2100,2350,09-12-2023
728,G-BF,1,1196,MAN,LGW,1200,1400,09-12-2023
729,G-BF,2,1197,LGW,GLA,1500,1700,09-12-2023
730,G-BF,3,1198,GLA,EDI,1800,2015,09-12-2023
731,G-BF,4,1199,EDI,MAN,2115,2350,09-12-2023
732,G-BG,1,1171,MAN,BRS,650,900,09-12-2023
733,G-BG,2,1172,BRS,GLA,930,1140,09-12-2023
734,G-BG,3,1173,GLA,EDI,1200,1400,09-12-2023
735,G-BG,4,1174,EDI,GLA,1500,1700,09-12-2023
736,G-BG,5,1175,GLA,LTN,1800,2000,09-12-2023
737,G-BG,6,1176,LTN,MAN,2100,2300,09-12-2023
738,G-CA,1,1183,MAN,EDI,650,920,09-12-2023
739,G-CA,2,1184,EDI,MAN,1005,1240,09-12-2023
740,G-CA,3,1185,MAN,LTN,1350,1825,09-12-2023
741,G-CA,4,1186,LTN,MAN,1905,2320,09-12-2023
742,G-CB,1,1190,LTN,MAN,1005,1240,09-12-2023
743,G-CB,2,1191,MAN,LGW,1350,1825,09-12-2023
744,G-CB,3,1192,LGW,LTN,1905,2320,09-12-2023
745,G-CC,1,1131,LGW,STN,525,755,09-12-2023
746,G-CC,2,1132,STN,LGW,840,1115,09-12-2023
747,G-CC,3,1133,LGW,STN,1310,1745,09-12-2023
748,G-CC,4,1134,STN,LGW,1800,2330,09-12-2023
749,G-CD,1,Emp1139,LGW,BRS,600,800,09-12-2023
750,G-CD,2,1140,BRS,GLA,900,1100,09-12-2023
751,G-CD,3,1141,GLA,EDI,1200,1400,09-12-2023
752,G-CD,4,1142,EDI,GLA,1500,1700,09-12-2023
753,G-CD,5,1143,GLA,BRS,1800,2000,09-12-2023
754,G-CD,6,Emp1144,BRS,LGW,2100,2300,09-12-2023
755,G-AB,1,1157,LGW,EDI,600,800,10-12-2023
756,G-AB,2,1158,EDI,GLA,900,1115,10-12-2023
757,G-AB,3,1159,GLA,BHX,1230,1430,10-12-2023
758,G-AB,4,1160,BHX,GLA,1500,1730,10-12-2023
759,G-AB,5,1161,GLA,MAN,1800,2000,10-12-2023
760,G-AB,6,1162,MAN,LGW,2100,2350,10-12-2023
761,G-AC,1,1163,LTN,MAN,625,855,10-12-2023
762,G-AC,2,1164,MAN,LTN,940,1215,10-12-2023
763,G-AC,3,1165,LTN,STN,1310,1745,10-12-2023
764,G-AC,4,1166,STN,LTN,1830,2335,10-12-2023
765,G-BA,1,Emp1139,LGW,BRS,600,800,10-12-2023
766,G-BA,2,1140,BRS,GLA,900,1100,10-12-2023
767,G-BA,3,1141,GLA,EDI,1200,1400,10-12-2023
768,G-BA,4,1142,EDI,GLA,1500,1700,10-12-2023
769,G-BA,5,1143,GLA,BRS,1800,2000,10-12-2023
770,G-BA,6,Emp1144,BRS,LGW,2100,2300,10-12-2023
771,G-BB,1,1131,LGW,STN,525,755,10-12-2023
772,G-BB,2,1132,STN,LGW,840,1115,10-12-2023
773,G-BB,3,1133,LGW,STN,1310,1745,10-12-2023
774,G-BB,4,1134,STN,LGW,1800,2330,10-12-2023
775,G-BC,1,1115,LTN,MAN,650,920,10-12-2023
776,G-BC,2,1116,MAN,LGW,1005,1240,10-12-2023
777,G-BC,3,1117,LGW,BHX,1350,1825,10-12-2023
778,G-BC,4,1118,BHX,LTN,1905,2320,10-12-2023
779,G-BD,1,1111,LGW,MAN,625,855,10-12-2023
780,G-BD,2,1112,MAN,LGW,940,1215,10-12-2023
781,G-BD,3,1113,LGW,STN,1310,1745,10-12-2023
782,G-BD,4,1114,STN,LGW,1830,2335,10-12-2023
783,G-BF,1,1196,MAN,LGW,1200,1400,10-12-2023
784,G-BF,2,1197,LGW,GLA,1500,1700,10-12-2023
785,G-BF,3,1198,GLA,EDI,1800,2015,10-12-2023
786,G-BF,4,1199,EDI,MAN,2115,2350,10-12-2023
787,G-BG,1,1206,MAN,LTN,630,830,10-12-2023
788,G-BG,2,1207,LTN,GLA,915,1140,10-12-2023
789,G-BG,3,1208,GLA,MAN,1200,1400,10-12-2023
790,G-BG,4,1209,MAN,GLA,1500,1700,10-12-2023
791,G-BG,5,1210,GLA,LTN,1800,2015,10-12-2023
792,G-BG,6,1211,LTN,MAN,2115,2350,10-12-2023
793,G-CA,1,1183,MAN,EDI,650,920,10-12-2023
794,G-CA,2,1184,EDI,MAN,1005,1240,10-12-2023
795,G-CA,3,1185,MAN,LTN,1350,1825,10-12-2023
796,G-CA,4,1186,LTN,MAN,1905,2320,10-12-2023
797,G-CB,1,1190,LTN,MAN,1005,1240,10-12-2023
798,G-CB,2,1191,MAN,LGW,1350,1825,10-12-2023
799,G-CB,3,1192,LGW,LTN,1905,2320,10-12-2023
800,G-CD,1,Emp1119,LGW,BRS,650,900,10-12-2023
801,G-CD,2,1120,BRS,GLA,930,1140,10-12-2023
802,G-CD,3,1121,GLA,EDI,1200,1400,10-12-2023
803,G-CD,4,1122,EDI,GLA,1500,1700,10-12-2023
804,G-CD,5,1123,GLA,BRS,1800,2000,10-12-2023
805,G-CD,6,Emp1124,BRS,LGW,2100,2300,10-12-2023
806,G-AB,1,1151,LGW,BHX,600,800,11-12-2023
807,G-AB,2,1152,BHX,GLA,900,1100,11-12-2023
808,G-AB,3,1153,GLA,MAN,1200,1400,11-12-2023
809,G-AB,4,1154,MAN,GLA,1500,1700,11-12-2023
810,G-AB,5,1155,GLA,BRS,1800,2000,11-12-2023
811,G-AB,6,1156,BRS,LGW,2100,2300,11-12-2023
812,G-AC,1,1115,LTN,MAN,650,920,11-12-2023
813,G-AC,2,1116,MAN,LGW,1005,1240,11-12-2023
814,G-AC,3,1117,LGW,BHX,1350,1825,11-12-2023
815,G-AC,4,1118,BHX,LTN,1905,2320,11-12-2023
816,G-AE,1,1135,LTN,EDI,630,900,11-12-2023
817,G-AE,2,1136,EDI,LGW,1000,1230,11-12-2023
818,G-AE,3,1137,LGW,MAN,1330,1800,11-12-2023
819,G-AE,4,1138,MAN,LTN,1900,2300,11-12-2023
820,G-BA,1,Emp1119,LGW,BRS,650,900,11-12-2023
821,G-BA,2,1120,BRS,GLA,930,1140,11-12-2023
822,G-BA,3,1121,GLA,EDI,1200,1400,11-12-2023
823,G-BA,4,1122,EDI,GLA,1500,1700,11-12-2023
824,G-BA,5,1123,GLA,BRS,1800,2000,11-12-2023
825,G-BA,6,Emp1124,BRS,LGW,2100,2300,11-12-2023
826,G-BB,1,1131,LGW,STN,525,755,11-12-2023
827,G-BB,2,1132,STN,LGW,840,1115,11-12-2023
828,G-BB,3,1133,LGW,STN,1310,1745,11-12-2023
829,G-BB,4,1134,STN,LGW,1800,2330,11-12-2023
830,G-BD,1,1111,LGW,MAN,625,855,11-12-2023
831,G-BD,2,1112,MAN,LGW,940,1215,11-12-2023
832,G-BD,3,1113,LGW,STN,1310,1745,11-12-2023
833,G-BD,4,1114,STN,LGW,1830,2335,11-12-2023
834,G-BE,1,Emp1125,LGW,MAN,630,830,11-12-2023
835,G-BE,2,1126,MAN,GLA,915,1140,11-12-2023
836,G-BE,3,1127,GLA,EDI,1200,1400,11-12-2023
837,G-BE,4,1128,EDI,GLA,1500,1700,11-12-2023
838,G-BE,5,1129,GLA,BRS,1800,2015,11-12-2023
839,G-BE,6,Emp1130,BRS,LGW,2115,2350,11-12-2023
840,G-BG,1,1177,MAN,LGW,630,830,11-12-2023
841,G-BG,2,1178,LGW,GLA,915,1140,11-12-2023
842,G-BG,3,1179,GLA,EDI,1200,1400,11-12-2023
843,G-BG,4,1180,EDI,GLA,1500,1700,11-12-2023
844,G-BG,5,1181,GLA,LGW,1800,2015,11-12-2023
845,G-BG,6,1182,LGW,MAN,2115,2350,11-12-2023
846,G-CA,1,1183,MAN,EDI,650,920,11-12-2023
847,G-CA,2,1184,EDI,MAN,1005,1240,11-12-2023
848,G-CA,3,1185,MAN,LTN,1350,1825,11-12-2023
849,G-CA,4,1186,LTN,MAN,1905,2320,11-12-2023
850,G-CC,1,1167,LGW,MAN,735,920,11-12-2023
851,G-CC,2,1168,MAN,LGW,1130,1240,11-12-2023
852,G-CC,3,1169,LGW,MAN,1600,1825,11-12-2023
853,G-CC,4,1170,MAN,LGW,2025,2320,11-12-2023
854,G-CD,1,Emp1139,LGW,BRS,600,800,11-12-2023
855,G-CD,2,1140,BRS,GLA,900,1100,11-12-2023
856,G-CD,3,1141,GLA,EDI,1200,1400,11-12-2023
857,G-CD,4,1142,EDI,GLA,1500,1700,11-12-2023
858,G-CD,5,1143,GLA,BRS,1800,2000,11-12-2023
859,G-CD,6,Emp1144,BRS,LGW,2100,2300,11-12-2023
860,G-AC,1,1115,LTN,MAN,650,920,12-12-2023
861,G-AC,2,1116,MAN,LGW,1005,1240,12-12-2023
862,G-AC,3,1117,LGW,BHX,1350,1825,12-12-2023
863,G-AC,4,1118,BHX,LTN,1905,2320,12-12-2023
864,G-AE,1,1135,LTN,EDI,630,900,12-12-2023
865,G-AE,2,1136,EDI,LGW,1000,1230,12-12-2023
866,G-AE,3,1137,LGW,MAN,1330,1800,12-12-2023
867,G-AE,4,1138,MAN,LTN,1900,2300,12-12-2023
868,G-BA,1,Emp1119,LGW,BRS,650,900,12-12-2023
869,G-BA,2,1120,BRS,GLA,930,1140,12-12-2023
870,G-BA,3,1121,GLA,EDI,1200,1400,12-12-2023
871,G-BA,4,1122,EDI,GLA,1500,1700,12-12-2023
872,G-BA,5,1123,GLA,BRS,1800,2000,12-12-2023
873,G-BA,6,Emp1124,BRS,LGW,2100,2300,12-12-2023
874,G-BD,1,1167,LGW,MAN,650,920,12-12-2023
875,G-BD,2,1168,MAN,LGW,1005,1240,12-12-2023
876,G-BD,3,1169,LGW,MAN,1350,1825,12-12-2023
877,G-BD,4,1170,MAN,LGW,1905,2320,12-12-2023
878,G-BE,1,Emp1125,LGW,MAN,630,830,12-12-2023
879,G-BE,2,1126,MAN,GLA,915,1140,12-12-2023
880,G-BE,3,1127,GLA,EDI,1200,1400,12-12-2023
881,G-BE,4,1128,EDI,GLA,1500,1700,12-12-2023
882,G-BE,5,1129,GLA,BRS,1800,2015,12-12-2023
883,G-BE,6,Emp1130,BRS,LGW,2115,2350,12-12-2023
884,G-BF,1,1196,MAN,LGW,1200,1400,12-12-2023
885,G-BF,2,1197,LGW,GLA,1500,1700,12-12-2023
886,G-BF,3,1198,GLA,EDI,1800,2015,12-12-2023
887,G-BF,4,1199,EDI,MAN,2115,2350,12-12-2023
888,G-BG,1,1171,MAN,BRS,650,900,12-12-2023
889,G-BG,2,1172,BRS,GLA,930,1140,12-12-2023
890,G-BG,3,1173,GLA,EDI,1200,1400,12-12-2023
891,G-BG,4,1174,EDI,GLA,1500,1700,12-12-2023
892,G-BG,5,1175,GLA,LTN,1800,2000,12-12-2023
893,G-BG,6,1176,LTN,MAN,2100,2300,12-12-2023
894,G-CA,1,1183,MAN,EDI,650,920,12-12-2023
895,G-CA,2,1184,EDI,MAN,1005,1240,12-12-2023
896,G-CA,3,1185,MAN,LTN,1350,1825,12-12-2023
897,G-CA,4,1186,LTN,MAN,1905,2320,12-12-2023
898,G-CB,1,1190,LTN,MAN,1005,1240,12-12-2023
899,G-CB,2,1191,MAN,LGW,1350,1825,12-12-2023
900,G-CB,3,1192,LGW,LTN,1905,2320,12-12-2023
901,G-CC,1,1111,LGW,MAN,625,855,12-12-2023
902,G-CC,2,1112,MAN,LGW,940,1215,12-12-2023
903,G-CC,3,1113,LGW,STN,1310,1745,12-12-2023
904,G-CC,4,1114,STN,LGW,1830,2335,12-12-2023
905,G-CD,1,Emp1139,LGW,BRS,600,800,12-12-2023
906,G-CD,2,1140,BRS,GLA,900,1100,12-12-2023
907,G-CD,3,1141,GLA,EDI,1200,1400,12-12-2023
908,G-CD,4,1142,EDI,GLA,1500,1700,12-12-2023
909,G-CD,5,1143,GLA,BRS,1800,2000,12-12-2023
910,G-CD,6,Emp1144,BRS,LGW,2100,2300,12-12-2023
911,G-AB,1,1157,LGW,EDI,600,800,13-12-2023
912,G-AB,2,1158,EDI,GLA,900,1115,13-12-2023
913,G-AB,3,1159,GLA,BHX,1230,1430,13-12-2023
914,G-AB,4,1160,BHX,GLA,1500,1730,13-12-2023
915,G-AB,5,1161,GLA,MAN,1800,2000,13-12-2023
916,G-AB,6,1162,MAN,LGW,2100,2350,13-12-2023
917,G-AC,1,1115,LTN,MAN,650,920,13-12-2023
918,G-AC,2,1116,MAN,LGW,1005,1240,13-12-2023
919,G-AC,3,1117,LGW,BHX,1350,1825,13-12-2023
920,G-AC,4,1118,BHX,LTN,1905,2320,13-12-2023
921,G-AE,1,1163,LTN,MAN,625,855,13-12-2023
922,G-AE,2,1164,MAN,LTN,940,1215,13-12-2023
923,G-AE,3,1165,LTN,STN,1310,1745,13-12-2023
924,G-AE,4,1166,STN,LTN,1830,2335,13-12-2023
925,G-BA,1,Emp1125,LGW,MAN,630,830,13-12-2023
926,G-BA,2,1126,MAN,GLA,915,1140,13-12-2023
927,G-BA,3,1127,GLA,EDI,1200,1400,13-12-2023
928,G-BA,4,1128,EDI,GLA,1500,1700,13-12-2023
929,G-BA,5,1129,GLA,BRS,1800,2015,13-12-2023
930,G-BA,6,Emp1130,BRS,LGW,2115,2350,13-12-2023
931,G-BB,1,1111,LGW,MAN,625,855,13-12-2023
932,G-BB,2,1112,MAN,LGW,940,1215,13-12-2023
933,G-BB,3,1113,LGW,STN,1310,1745,13-12-2023
934,G-BB,4,1114,STN,LGW,1830,2335,13-12-2023
935,G-BC,1,1135,LTN,EDI,630,900,13-12-2023
936,G-BC,2,1136,EDI,LGW,1000,1230,13-12-2023
937,G-BC,3,1137,LGW,MAN,1330,1800,13-12-2023
938,G-BC,4,1138,MAN,LTN,1900,2300,13-12-2023
939,G-BD,1,1167,LGW,MAN,735,920,13-12-2023
940,G-BD,2,1168,MAN,LGW,1130,1240,13-12-2023
941,G-BD,3,1169,LGW,MAN,1600,1825,13-12-2023
942,G-BD,4,1170,MAN,LGW,2025,2320,13-12-2023
943,G-BE,1,Emp1145,LGW,EDI,600,800,13-12-2023
944,G-BE,2,1146,EDI,GLA,900,1115,13-12-2023
945,G-BE,3,1147,GLA,MAN,1230,1430,13-12-2023
946,G-BE,4,1148,MAN,GLA,1500,1730,13-12-2023
947,G-BE,5,1149,GLA,BRS,1800,2000,13-12-2023
948,G-BE,6,Emp1150,BRS,LGW,2100,2350,13-12-2023
949,G-BF,1,1196,MAN,LGW,1200,1400,13-12-2023
950,G-BF,2,1197,LGW,GLA,1500,1700,13-12-2023
951,G-BF,3,1198,GLA,EDI,1800,2015,13-12-2023
952,G-BF,4,1199,EDI,MAN,2115,2350,13-12-2023
953,G-BG,1,1171,MAN,BRS,650,900,13-12-2023
954,G-BG,2,1172,BRS,GLA,930,1140,13-12-2023
955,G-BG,3,1173,GLA,EDI,1200,1400,13-12-2023
956,G-BG,4,1174,EDI,GLA,1500,1700,13-12-2023
957,G-BG,5,1175,GLA,LTN,1800,2000,13-12-2023
958,G-BG,6,1176,LTN,MAN,2100,2300,13-12-2023
959,G-CA,1,1183,MAN,EDI,650,920,13-12-2023
960,G-CA,2,1184,EDI,MAN,1005,1240,13-12-2023
961,G-CA,3,1185,MAN,LTN,1350,1825,13-12-2023
962,G-CA,4,1186,LTN,MAN,1905,2320,13-12-2023
963,G-CB,1,1190,LTN,MAN,1005,1240,13-12-2023
964,G-CB,2,1191,MAN,LGW,1350,1825,13-12-2023
965,G-CB,3,1192,LGW,LTN,1905,2320,13-12-2023
966,G-CC,1,1131,LGW,STN,525,755,13-12-2023
967,G-CC,2,1132,STN,LGW,840,1115,13-12-2023
968,G-CC,3,1133,LGW,STN,1310,1745,13-12-2023
969,G-CC,4,1134,STN,LGW,1800,2330,13-12-2023
970,G-CD,1,Emp1119,LGW,BRS,650,900,13-12-2023
971,G-CD,2,1120,BRS,GLA,930,1140,13-12-2023
972,G-CD,3,1121,GLA,EDI,1200,1400,13-12-2023
973,G-CD,4,1122,EDI,GLA,1500,1700,13-12-2023
974,G-CD,5,1123,GLA,BRS,1800,2000,13-12-2023
975,G-CD,6,Emp1124,BRS,LGW,2100,2300,13-12-2023
976,G-AB,1,1157,LGW,EDI,600,800,14-12-2023
977,G-AB,2,1158,EDI,GLA,900,1115,14-12-2023
978,G-AB,3,1159,GLA,BHX,1230,1430,14-12-2023
979,G-AB,4,1160,BHX,GLA,1500,1730,14-12-2023
980,G-AB,5,1161,GLA,MAN,1800,2000,14-12-2023
981,G-AB,6,1162,MAN,LGW,2100,2350,14-12-2023
982,G-AC,1,1163,LTN,MAN,625,855,14-12-2023
983,G-AC,2,1164,MAN,LTN,940,1215,14-12-2023
984,G-AC,3,1165,LTN,STN,1310,1745,14-12-2023
985,G-AC,4,1166,STN,LTN,1830,2335,14-12-2023
986,G-AE,1,1115,LTN,MAN,650,920,14-12-2023
987,G-AE,2,1116,MAN,LGW,1005,1240,14-12-2023
988,G-AE,3,1117,LGW,BHX,1350,1825,14-12-2023
989,G-AE,4,1118,BHX,LTN,1905,2320,14-12-2023
990,G-BA,1,Emp1139,LGW,BRS,600,800,14-12-2023
991,G-BA,2,1140,BRS,GLA,900,1100,14-12-2023
992,G-BA,3,1141,GLA,EDI,1200,1400,14-12-2023
993,G-BA,4,1142,EDI,GLA,1500,1700,14-12-2023
994,G-BA,5,1143,GLA,BRS,1800,2000,14-12-2023
995,G-BA,6,Emp1144,BRS,LGW,2100,2300,14-12-2023
996,G-BB,1,1111,LGW,MAN,625,855,14-12-2023
997,G-BB,2,1112,MAN,LGW,940,1215,14-12-2023
998,G-BB,3,1113,LGW,STN,1310,1745,14-12-2023
999,G-BB,4,1114,STN,LGW,1830,2335,14-12-2023
1000,G-BC,1,1135,LTN,EDI,630,900,14-12-2023
1001,G-BC,2,1136,EDI,LGW,1000,1230,14-12-2023
1002,G-BC,3,1137,LGW,MAN,1330,1800,14-12-2023
1003,G-BC,4,1138,MAN,LTN,1900,2300,14-12-2023
1004,G-BE,1,Emp1119,LGW,BRS,650,900,14-12-2023
1005,G-BE,2,1120,BRS,GLA,930,1140,14-12-2023
1006,G-BE,3,1121,GLA,EDI,1200,1400,14-12-2023
1007,G-BE,4,1122,EDI,GLA,1500,1700,14-12-2023
1008,G-BE,5,1123,GLA,BRS,1800,2000,14-12-2023
1009,G-BE,6,Emp1124,BRS,LGW,2100,2300,14-12-2023
1010,G-BF,1,1196,MAN,LGW,1200,1400,14-12-2023
1011,G-BF,2,1197,LGW,GLA,1500,1700,14-12-2023
1012,G-BF,3,1198,GLA,EDI,1800,2015,14-12-2023
1013,G-BF,4,1199,EDI,MAN,2115,2350,14-12-2023
1014,G-BG,1,1171,MAN,BRS,650,900,14-12-2023
1015,G-BG,2,1172,BRS,GLA,930,1140,14-12-2023
1016,G-BG,3,1173,GLA,EDI,1200,1400,14-12-2023
1017,G-BG,4,1174,EDI,GLA,1500,1700,14-12-2023
1018,G-BG,5,1175,GLA,LTN,1800,2000,14-12-2023
1019,G-BG,6,1176,LTN,MAN,2100,2300,14-12-2023
1020,G-CA,1,1183,MAN,EDI,650,920,14-12-2023
1021,G-CA,2,1184,EDI,MAN,1005,1240,14-12-2023
1022,G-CA,3,1185,MAN,LTN,1350,1825,14-12-2023
1023,G-CA,4,1186,LTN,MAN,1905,2320,14-12-2023
1024,G-CB,1,1190,LTN,MAN,1005,1240,14-12-2023
1025,G-CB,2,1191,MAN,LGW,1350,1825,14-12-2023
1026,G-CB,3,1192,LGW,LTN,1905,2320,14-12-2023
1027,G-CC,1,1131,LGW,STN,525,755,14-12-2023
1028,G-CC,2,1132,STN,LGW,840,1115,14-12-2023
1029,G-CC,3,1133,LGW,STN,1310,1745,14-12-2023
1030,G-CC,4,1134,STN,LGW,1800,2330,14-12-2023
1031,G-CD,1,Emp1125,LGW,MAN,630,830,14-12-2023
1032,G-CD,2,1126,MAN,GLA,915,1140,14-12-2023
1033,G-CD,3,1127,GLA,EDI,1200,1400,14-12-2023
1034,G-CD,4,1128,EDI,GLA,1500,1700,14-12-2023
1035,G-CD,5,1129,GLA,BRS,1800,2015,14-12-2023
1036,G-CD,6,Emp1130,BRS,LGW,2115,2350,14-12-2023
1037,G-AB,1,1151,LGW,BHX,600,800,15-12-2023
1038,G-AB,2,1152,BHX,GLA,900,1100,15-12-2023
1039,G-AB,3,1153,GLA,MAN,1200,1400,15-12-2023
1040,G-AB,4,1154,MAN,GLA,1500,1700,15-12-2023
1041,G-AB,5,1155,GLA,BRS,1800,2000,15-12-2023
1042,G-AB,6,1156,BRS,LGW,2100,2300,15-12-2023
1043,G-AC,1,1163,LTN,MAN,625,855,15-12-2023
1044,G-AC,2,1164,MAN,LTN,940,1215,15-12-2023
1045,G-AC,3,1165,LTN,STN,1310,1745,15-12-2023
1046,G-AC,4,1166,STN,LTN,1830,2335,15-12-2023
1047,G-AE,1,1115,LTN,MAN,650,920,15-12-2023
1048,G-AE,2,1116,MAN,LGW,1005,1240,15-12-2023
1049,G-AE,3,1117,LGW,BHX,1350,1825,15-12-2023
1050,G-AE,4,1118,BHX,LTN,1905,2320,15-12-2023
1051,G-BA,1,Emp1139,LGW,BRS,600,800,15-12-2023
1052,G-BA,2,1140,BRS,GLA,900,1100,15-12-2023
1053,G-BA,3,1141,GLA,EDI,1200,1400,15-12-2023
1054,G-BA,4,1142,EDI,GLA,1500,1700,15-12-2023
1055,G-BA,5,1143,GLA,BRS,1800,2000,15-12-2023
1056,G-BA,6,Emp1144,BRS,LGW,2100,2300,15-12-2023
1057,G-BB,1,1111,LGW,MAN,625,855,15-12-2023
1058,G-BB,2,1112,MAN,LGW,940,1215,15-12-2023
1059,G-BB,3,1113,LGW,STN,1310,1745,15-12-2023
1060,G-BB,4,1114,STN,LGW,1830,2335,15-12-2023
1061,G-BC,1,1135,LTN,EDI,630,900,15-12-2023
1062,G-BC,2,1136,EDI,LGW,1000,1230,15-12-2023
1063,G-BC,3,1137,LGW,MAN,1330,1800,15-12-2023
1064,G-BC,4,1138,MAN,LTN,1900,2300,15-12-2023
1065,G-BE,1,Emp1125,LGW,MAN,630,830,15-12-2023
1066,G-BE,2,1126,MAN,GLA,915,1140,15-12-2023
1067,G-BE,3,1127,GLA,EDI,1200,1400,15-12-2023
1068,G-BE,4,1128,EDI,GLA,1500,1700,15-12-2023
1069,G-BE,5,1129,GLA,BRS,1800,2015,15-12-2023
1070,G-BE,6,Emp1130,BRS,LGW,2115,2350,15-12-2023
1071,G-BF,1,1196,MAN,LGW,1200,1400,15-12-2023
1072,G-BF,2,1197,LGW,GLA,1500,1700,15-12-2023
1073,G-BF,3,1198,GLA,EDI,1800,2015,15-12-2023
1074,G-BF,4,1199,EDI,MAN,2115,2350,15-12-2023
1075,G-BG,1,1171,MAN,BRS,650,900,15-12-2023
1076,G-BG,2,1172,BRS,GLA,930,1140,15-12-2023
1077,G-BG,3,1173,GLA,EDI,1200,1400,15-12-2023
1078,G-BG,4,1174,EDI,GLA,1500,1700,15-12-2023
1079,G-BG,5,1175,GLA,LTN,1800,2000,15-12-2023
1080,G-BG,6,1176,LTN,MAN,2100,2300,15-12-2023
1081,G-CA,1,1183,MAN,EDI,650,920,15-12-2023
1082,G-CA,2,1184,EDI,MAN,1005,1240,15-12-2023
1083,G-CA,3,1185,MAN,LTN,1350,1825,15-12-2023
1084,G-CA,4,1186,LTN,MAN,1905,2320,15-12-2023
1085,G-CB,1,1190,LTN,MAN,1005,1240,15-12-2023
1086,G-CB,2,1191,MAN,LGW,1350,1825,15-12-2023
1087,G-CB,3,1192,LGW,LTN,1905,2320,15-12-2023
1088,G-CC,1,1167,LGW,MAN,735,920,15-12-2023
1089,G-CC,2,1168,MAN,LGW,1130,1240,15-12-2023
1090,G-CC,3,1169,LGW,MAN,1600,1825,15-12-2023
1091,G-CC,4,1170,MAN,LGW,2025,2320,15-12-2023
1092,G-CD,1,Emp1145,LGW,EDI,600,800,15-12-2023
1093,G-CD,2,1146,EDI,GLA,900,1115,15-12-2023
1094,G-CD,3,1147,GLA,MAN,1230,1430,15-12-2023
1095,G-CD,4,1148,MAN,GLA,1500,1730,15-12-2023
1096,G-CD,5,1149,GLA,BRS,1800,2000,15-12-2023
1097,G-CD,6,Emp1150,BRS,LGW,2100,2350,15-12-2023
1098,G-AB,1,1157,LGW,EDI,600,800,16-12-2023
1099,G-AB,2,1158,EDI,GLA,900,1115,16-12-2023
1100,G-AB,3,1159,GLA,BHX,1230,1430,16-12-2023
1101,G-AB,4,1160,BHX,GLA,1500,1730,16-12-2023
1102,G-AB,5,1161,GLA,MAN,1800,2000,16-12-2023
1103,G-AB,6,1162,MAN,LGW,2100,2350,16-12-2023
1104,G-AC,1,1163,LTN,MAN,625,855,16-12-2023
1105,G-AC,2,1164,MAN,LTN,940,1215,16-12-2023
1106,G-AC,3,1165,LTN,STN,1310,1745,16-12-2023
1107,G-AC,4,1166,STN,LTN,1830,2335,16-12-2023
1108,G-AE,1,1115,LTN,MAN,650,920,16-12-2023
1109,G-AE,2,1116,MAN,LGW,1005,1240,16-12-2023
1110,G-AE,3,1117,LGW,BHX,1350,1825,16-12-2023
1111,G-AE,4,1118,BHX,LTN,1905,2320,16-12-2023
1112,G-BA,1,Emp1119,LGW,BRS,650,900,16-12-2023
1113,G-BA,2,1120,BRS,GLA,930,1140,16-12-2023
1114,G-BA,3,1121,GLA,EDI,1200,1400,16-12-2023
1115,G-BA,4,1122,EDI,GLA,1500,1700,16-12-2023
1116,G-BA,5,1123,GLA,BRS,1800,2000,16-12-2023
1117,G-BA,6,Emp1124,BRS,LGW,2100,2300,16-12-2023
1118,G-BB,1,1111,LGW,MAN,625,855,16-12-2023
1119,G-BB,2,1112,MAN,LGW,940,1215,16-12-2023
1120,G-BB,3,1113,LGW,STN,1310,1745,16-12-2023
1121,G-BB,4,1114,STN,LGW,1830,2335,16-12-2023
1122,G-BC,1,1135,LTN,EDI,630,900,16-12-2023
1123,G-BC,2,1136,EDI,LGW,1000,1230,16-12-2023
1124,G-BC,3,1137,LGW,MAN,1330,1800,16-12-2023
1125,G-BC,4,1138,MAN,LTN,1900,2300,16-12-2023
1126,G-BD,1,1167,LGW,MAN,650,920,16-12-2023
1127,G-BD,2,1168,MAN,LGW,1005,1240,16-12-2023
1128,G-BD,3,1169,LGW,MAN,1350,1825,16-12-2023
1129,G-BD,4,1170,MAN,LGW,1905,2320,16-12-2023
1130,G-BE,1,Emp1145,LGW,EDI,600,800,16-12-2023
1131,G-BE,2,1146,EDI,GLA,900,1115,16-12-2023
1132,G-BE,3,1147,GLA,MAN,1230,1430,16-12-2023
1133,G-BE,4,1148,MAN,GLA,1500,1730,16-12-2023
1134,G-BE,5,1149,GLA,BRS,1800,2000,16-12-2023
1135,G-BE,6,Emp1150,BRS,LGW,2100,2350,16-12-2023
1136,G-BF,1,1196,MAN,LGW,1200,1400,16-12-2023
1137,G-BF,2,1197,LGW,GLA,1500,1700,16-12-2023
1138,G-BF,3,1198,GLA,EDI,1800,2015,16-12-2023
1139,G-BF,4,1199,EDI,MAN,2115,2350,16-12-2023
1140,G-BG,1,1171,MAN,BRS,650,900,16-12-2023
1141,G-BG,2,1172,BRS,GLA,930,1140,16-12-2023
1142,G-BG,3,1173,GLA,EDI,1200,1400,16-12-2023
1143,G-BG,4,1174,EDI,GLA,1500,1700,16-12-2023
1144,G-BG,5,1175,GLA,LTN,1800,2000,16-12-2023
1145,G-BG,6,1176,LTN,MAN,2100,2300,16-12-2023
1146,G-CA,1,1183,MAN,EDI,650,920,16-12-2023
1147,G-CA,2,1184,EDI,MAN,1005,1240,16-12-2023
1148,G-CA,3,1185,MAN,LTN,1350,1825,16-12-2023
1149,G-CA,4,1186,LTN,MAN,1905,2320,16-12-2023
1150,G-CB,1,1193,LTN,MAN,930,1140,16-12-2023
1151,G-CB,2,1194,MAN,LGW,1200,1400,16-12-2023
1152,G-CB,3,1195,LGW,LTN,1500,1700,16-12-2023
1153,G-CC,1,1131,LGW,STN,525,755,16-12-2023
1154,G-CC,2,1132,STN,LGW,840,1115,16-12-2023
1155,G-CC,3,1133,LGW,STN,1310,1745,16-12-2023
1156,G-CC,4,1134,STN,LGW,1800,2330,16-12-2023
1157,G-CD,1,Emp1139,LGW,BRS,600,800,16-12-2023
1158,G-CD,2,1140,BRS,GLA,900,1100,16-12-2023
1159,G-CD,3,1141,GLA,EDI,1200,1400,16-12-2023
1160,G-CD,4,1142,EDI,GLA,1500,1700,16-12-2023
1161,G-CD,5,1143,GLA,BRS,1800,2000,16-12-2023
1162,G-CD,6,Emp1144,BRS,LGW,2100,2300,16-12-2023
1163,G-AB,1,1157,LGW,EDI,600,800,17-12-2023
1164,G-AB,2,1158,EDI,GLA,900,1115,17-12-2023
1165,G-AB,3,1159,GLA,BHX,1230,1430,17-12-2023
1166,G-AB,4,1160,BHX,GLA,1500,1730,17-12-2023
1167,G-AB,5,1161,GLA,MAN,1800,2000,17-12-2023
1168,G-AB,6,1162,MAN,LGW,2100,2350,17-12-2023
1169,G-AC,1,1163,LTN,MAN,625,855,17-12-2023
1170,G-AC,2,1164,MAN,LTN,940,1215,17-12-2023
1171,G-AC,3,1165,LTN,STN,1310,1745,17-12-2023
1172,G-AC,4,1166,STN,LTN,1830,2335,17-12-2023
1173,G-BA,1,Emp1139,LGW,BRS,600,800,17-12-2023
1174,G-BA,2,1140,BRS,GLA,900,1100,17-12-2023
1175,G-BA,3,1141,GLA,EDI,1200,1400,17-12-2023
1176,G-BA,4,1142,EDI,GLA,1500,1700,17-12-2023
1177,G-BA,5,1143,GLA,BRS,1800,2000,17-12-2023
1178,G-BA,6,Emp1144,BRS,LGW,2100,2300,17-12-2023
1179,G-BB,1,1131,LGW,STN,525,755,17-12-2023
1180,G-BB,2,1132,STN,LGW,840,1115,17-12-2023
1181,G-BB,3,1133,LGW,STN,1310,1745,17-12-2023
1182,G-BB,4,1134,STN,LGW,1800,2330,17-12-2023
1183,G-BC,1,1115,LTN,MAN,650,920,17-12-2023
1184,G-BC,2,1116,MAN,LGW,1005,1240,17-12-2023
1185,G-BC,3,1117,LGW,BHX,1350,1825,17-12-2023
1186,G-BC,4,1118,BHX,LTN,1905,2320,17-12-2023
1187,G-BD,1,1111,LGW,MAN,625,855,17-12-2023
1188,G-BD,2,1112,MAN,LGW,940,1215,17-12-2023
1189,G-BD,3,1113,LGW,STN,1310,1745,17-12-2023
1190,G-BD,4,1114,STN,LGW,1830,2335,17-12-2023
1191,G-BF,1,1196,MAN,LGW,1200,1400,17-12-2023
1192,G-BF,2,1197,LGW,GLA,1500,1700,17-12-2023
1193,G-BF,3,1198,GLA,EDI,1800,2015,17-12-2023
1194,G-BF,4,1199,EDI,MAN,2115,2350,17-12-2023
1195,G-BG,1,1171,MAN,BRS,650,900,17-12-2023
1196,G-BG,2,1172,BRS,GLA,930,1140,17-12-2023
1197,G-BG,3,1173,GLA,EDI,1200,1400,17-12-2023
1198,G-BG,4,1174,EDI,GLA,1500,1700,17-12-2023
1199,G-BG,5,1175,GLA,LTN,1800,2000,17-12-2023
1200,G-BG,6,1176,LTN,MAN,2100,2300,17-12-2023
1201,G-CA,1,1183,MAN,EDI,650,920,17-12-2023
1202,G-CA,2,1184,EDI,MAN,1005,1240,17-12-2023
1203,G-CA,3,1185,MAN,LTN,1350,1825,17-12-2023
1204,G-CA,4,1186,LTN,MAN,1905,2320,17-12-2023
1205,G-CB,1,1190,LTN,MAN,1005,1240,17-12-2023
1206,G-CB,2,1191,MAN,LGW,1350,1825,17-12-2023
1207,G-CB,3,1192,LGW,LTN,1905,2320,17-12-2023
1208,G-CD,1,Emp1125,LGW,MAN,630,830,17-12-2023
1209,G-CD,2,1126,MAN,GLA,915,1140,17-12-2023
1210,G-CD,3,1127,GLA,EDI,1200,1400,17-12-2023
1211,G-CD,4,1128,EDI,GLA,1500,1700,17-12-2023
1212,G-CD,5,1129,GLA,BRS,1800,2015,17-12-2023
1213,G-CD,6,Emp1130,BRS,LGW,2115,2350,17-12-2023
1214,G-AB,1,1157,LGW,EDI,600,800,18-12-2023
1215,G-AB,2,1158,EDI,GLA,900,1115,18-12-2023
1216,G-AB,3,1159,GLA,BHX,1230,1430,18-12-2023
1217,G-AB,4,1160,BHX,GLA,1500,1730,18-12-2023
1218,G-AB,5,1161,GLA,MAN,1800,2000,18-12-2023
1219,G-AB,6,1162,MAN,LGW,2100,2350,18-12-2023
1220,G-AC,1,1115,LTN,MAN,650,920,18-12-2023
1221,G-AC,2,1116,MAN,LGW,1005,1240,18-12-2023
1222,G-AC,3,1117,LGW,BHX,1350,1825,18-12-2023
1223,G-AC,4,1118,BHX,LTN,1905,2320,18-12-2023
1224,G-AE,1,1163,LTN,MAN,625,855,18-12-2023
1225,G-AE,2,1164,MAN,LTN,940,1215,18-12-2023
1226,G-AE,3,1165,LTN,STN,1310,1745,18-12-2023
1227,G-AE,4,1166,STN,LTN,1830,2335,18-12-2023
1228,G-BA,1,Emp1119,LGW,BRS,650,900,18-12-2023
1229,G-BA,2,1120,BRS,GLA,930,1140,18-12-2023
1230,G-BA,3,1121,GLA,EDI,1200,1400,18-12-2023
1231,G-BA,4,1122,EDI,GLA,1500,1700,18-12-2023
1232,G-BA,5,1123,GLA,BRS,1800,2000,18-12-2023
1233,G-BA,6,Emp1124,BRS,LGW,2100,2300,18-12-2023
1234,G-BB,1,1131,LGW,STN,525,755,18-12-2023
1235,G-BB,2,1132,STN,LGW,840,1115,18-12-2023
1236,G-BB,3,1133,LGW,STN,1310,1745,18-12-2023
1237,G-BB,4,1134,STN,LGW,1800,2330,18-12-2023
1238,G-BD,1,1111,LGW,MAN,625,855,18-12-2023
1239,G-BD,2,1112,MAN,LGW,940,1215,18-12-2023
1240,G-BD,3,1113,LGW,STN,1310,1745,18-12-2023
1241,G-BD,4,1114,STN,LGW,1830,2335,18-12-2023
1242,G-BE,1,Emp1125,LGW,MAN,630,830,18-12-2023
1243,G-BE,2,1126,MAN,GLA,915,1140,18-12-2023
1244,G-BE,3,1127,GLA,EDI,1200,1400,18-12-2023
1245,G-BE,4,1128,EDI,GLA,1500,1700,18-12-2023
1246,G-BE,5,1129,GLA,BRS,1800,2015,18-12-2023
1247,G-BE,6,Emp1130,BRS,LGW,2115,2350,18-12-2023
1248,G-BG,1,1171,MAN,BRS,650,900,18-12-2023
1249,G-BG,2,1172,BRS,GLA,930,1140,18-12-2023
1250,G-BG,3,1173,GLA,EDI,1200,1400,18-12-2023
1251,G-BG,4,1174,EDI,GLA,1500,1700,18-12-2023
1252,G-BG,5,1175,GLA,LTN,1800,2000,18-12-2023
1253,G-BG,6,1176,LTN,MAN,2100,2300,18-12-2023
1254,G-CA,1,1183,MAN,EDI,650,920,18-12-2023
1255,G-CA,2,1184,EDI,MAN,1005,1240,18-12-2023
1256,G-CA,3,1185,MAN,LTN,1350,1825,18-12-2023
1257,G-CA,4,1186,LTN,MAN,1905,2320,18-12-2023
1258,G-CC,1,1167,LGW,MAN,735,920,18-12-2023
1259,G-CC,2,1168,MAN,LGW,1130,1240,18-12-2023
1260,G-CC,3,1169,LGW,MAN,1600,1825,18-12-2023
1261,G-CC,4,1170,MAN,LGW,2025,2320,18-12-2023
1262,G-CD,1,Emp1139,LGW,BRS,600,800,18-12-2023
1263,G-CD,2,1140,BRS,GLA,900,1100,18-12-2023
1264,G-CD,3,1141,GLA,EDI,1200,1400,18-12-2023
1265,G-CD,4,1142,EDI,GLA,1500,1700,18-12-2023
1266,G-CD,5,1143,GLA,BRS,1800,2000,18-12-2023
1267,G-CD,6,Emp1144,BRS,LGW,2100,2300,18-12-2023
1268,G-AC,1,1115,LTN,MAN,650,920,19-12-2023
1269,G-AC,2,1116,MAN,LGW,1005,1240,19-12-2023
1270,G-AC,3,1117,LGW,BHX,1350,1825,19-12-2023
1271,G-AC,4,1118,BHX,LTN,1905,2320,19-12-2023
1272,G-AE,1,1135,LTN,EDI,630,900,19-12-2023
1273,G-AE,2,1136,EDI,LGW,1000,1230,19-12-2023
1274,G-AE,3,1137,LGW,MAN,1330,1800,19-12-2023
1275,G-AE,4,1138,MAN,LTN,1900,2300,19-12-2023
1276,G-BA,1,Emp1145,LGW,EDI,600,800,19-12-2023
1277,G-BA,2,1146,EDI,GLA,900,1115,19-12-2023
1278,G-BA,3,1147,GLA,MAN,1230,1430,19-12-2023
1279,G-BA,4,1148,MAN,GLA,1500,1730,19-12-2023
1280,G-BA,5,1149,GLA,BRS,1800,2000,19-12-2023
1281,G-BA,6,Emp1150,BRS,LGW,2100,2350,19-12-2023
1282,G-BD,1,1131,LGW,STN,525,755,19-12-2023
1283,G-BD,2,1132,STN,LGW,840,1115,19-12-2023
1284,G-BD,3,1133,LGW,STN,1310,1745,19-12-2023
1285,G-BD,4,1134,STN,LGW,1800,2330,19-12-2023
1286,G-BE,1,Emp1119,LGW,BRS,650,900,19-12-2023
1287,G-BE,2,1120,BRS,GLA,930,1140,19-12-2023
1288,G-BE,3,1121,GLA,EDI,1200,1400,19-12-2023
1289,G-BE,4,1122,EDI,GLA,1500,1700,19-12-2023
1290,G-BE,5,1123,GLA,BRS,1800,2000,19-12-2023
1291,G-BE,6,Emp1124,BRS,LGW,2100,2300,19-12-2023
1292,G-BF,1,1196,MAN,LGW,1200,1400,19-12-2023
1293,G-BF,2,1197,LGW,GLA,1500,1700,19-12-2023
1294,G-BF,3,1198,GLA,EDI,1800,2015,19-12-2023
1295,G-BF,4,1199,EDI,MAN,2115,2350,19-12-2023
1296,G-BG,1,1171,MAN,BRS,650,900,19-12-2023
1297,G-BG,2,1172,BRS,GLA,930,1140,19-12-2023
1298,G-BG,3,1173,GLA,EDI,1200,1400,19-12-2023
1299,G-BG,4,1174,EDI,GLA,1500,1700,19-12-2023
1300,G-BG,5,1175,GLA,LTN,1800,2000,19-12-2023
1301,G-BG,6,1176,LTN,MAN,2100,2300,19-12-2023
1302,G-CA,1,1183,MAN,EDI,650,920,19-12-2023
1303,G-CA,2,1184,EDI,MAN,1005,1240,19-12-2023
1304,G-CA,3,1185,MAN,LTN,1350,1825,19-12-2023
1305,G-CA,4,1186,LTN,MAN,1905,2320,19-12-2023
1306,G-CB,1,1190,LTN,MAN,1005,1240,19-12-2023
1307,G-CB,2,1191,MAN,LGW,1350,1825,19-12-2023
1308,G-CB,3,1192,LGW,LTN,1905,2320,19-12-2023
1309,G-CC,1,1111,LGW,MAN,625,855,19-12-2023
1310,G-CC,2,1112,MAN,LGW,940,1215,19-12-2023
1311,G-CC,3,1113,LGW,STN,1310,1745,19-12-2023
1312,G-CC,4,1114,STN,LGW,1830,2335,19-12-2023
1313,G-CD,1,Emp1125,LGW,MAN,630,830,19-12-2023
1314,G-CD,2,1126,MAN,GLA,915,1140,19-12-2023
1315,G-CD,3,1127,GLA,EDI,1200,1400,19-12-2023
1316,G-CD,4,1128,EDI,GLA,1500,1700,19-12-2023
1317,G-CD,5,1129,GLA,BRS,1800,2015,19-12-2023
1318,G-CD,6,Emp1130,BRS,LGW,2115,2350,19-12-2023
1319,G-AB,1,1151,LGW,BHX,600,800,20-12-2023
1320,G-AB,2,1152,BHX,GLA,900,1100,20-12-2023
1321,G-AB,3,1153,GLA,MAN,1200,1400,20-12-2023
1322,G-AB,4,1154,MAN,GLA,1500,1700,20-12-2023
1323,G-AB,5,1155,GLA,BRS,1800,2000,20-12-2023
1324,G-AB,6,1156,BRS,LGW,2100,2300,20-12-2023
1325,G-AC,1,1115,LTN,MAN,650,920,20-12-2023
1326,G-AC,2,1116,MAN,LGW,1005,1240,20-12-2023
1327,G-AC,3,1117,LGW,BHX,1350,1825,20-12-2023
1328,G-AC,4,1118,BHX,LTN,1905,2320,20-12-2023
1329,G-AE,1,1163,LTN,MAN,625,855,20-12-2023
1330,G-AE,2,1164,MAN,LTN,940,1215,20-12-2023
1331,G-AE,3,1165,LTN,STN,1310,1745,20-12-2023
1332,G-AE,4,1166,STN,LTN,1830,2335,20-12-2023
1333,G-BA,1,Emp1119,LGW,BRS,650,900,20-12-2023
1334,G-BA,2,1120,BRS,GLA,930,1140,20-12-2023
1335,G-BA,3,1121,GLA,EDI,1200,1400,20-12-2023
1336,G-BA,4,1122,EDI,GLA,1500,1700,20-12-2023
1337,G-BA,5,1123,GLA,BRS,1800,2000,20-12-2023
1338,G-BA,6,Emp1124,BRS,LGW,2100,2300,20-12-2023
1339,G-BB,1,1111,LGW,MAN,625,855,20-12-2023
1340,G-BB,2,1112,MAN,LGW,940,1215,20-12-2023
1341,G-BB,3,1113,LGW,STN,1310,1745,20-12-2023
1342,G-BB,4,1114,STN,LGW,1830,2335,20-12-2023
1343,G-BC,1,1135,LTN,EDI,630,900,20-12-2023
1344,G-BC,2,1136,EDI,LGW,1000,1230,20-12-2023
1345,G-BC,3,1137,LGW,MAN,1330,1800,20-12-2023
1346,G-BC,4,1138,MAN,LTN,1900,2300,20-12-2023
1347,G-BD,1,1167,LGW,MAN,735,920,20-12-2023
1348,G-BD,2,1168,MAN,LGW,1130,1240,20-12-2023
1349,G-BD,3,1169,LGW,MAN,1600,1825,20-12-2023
1350,G-BD,4,1170,MAN,LGW,2025,2320,20-12-2023
1351,G-BE,1,Emp1145,LGW,EDI,600,800,20-12-2023
1352,G-BE,2,1146,EDI,GLA,900,1115,20-12-2023
1353,G-BE,3,1147,GLA,MAN,1230,1430,20-12-2023
1354,G-BE,4,1148,MAN,GLA,1500,1730,20-12-2023
1355,G-BE,5,1149,GLA,BRS,1800,2000,20-12-2023
1356,G-BE,6,Emp1150,BRS,LGW,2100,2350,20-12-2023
1357,G-BF,1,1196,MAN,LGW,1200,1400,20-12-2023
1358,G-BF,2,1197,LGW,GLA,1500,1700,20-12-2023
1359,G-BF,3,1198,GLA,EDI,1800,2015,20-12-2023
1360,G-BF,4,1199,EDI,MAN,2115,2350,20-12-2023
1361,G-BG,1,1171,MAN,BRS,650,900,20-12-2023
1362,G-BG,2,1172,BRS,GLA,930,1140,20-12-2023
1363,G-BG,3,1173,GLA,EDI,1200,1400,20-12-2023
1364,G-BG,4,1174,EDI,GLA,1500,1700,20-12-2023
1365,G-BG,5,1175,GLA,LTN,1800,2000,20-12-2023
1366,G-BG,6,1176,LTN,MAN,2100,2300,20-12-2023
1367,G-CA,1,1183,MAN,EDI,650,920,20-12-2023
1368,G-CA,2,1184,EDI,MAN,1005,1240,20-12-2023
1369,G-CA,3,1185,MAN,LTN,1350,1825,20-12-2023
1370,G-CA,4,1186,LTN,MAN,1905,2320,20-12-2023
1371,G-CB,1,1190,LTN,MAN,1005,1240,20-12-2023
1372,G-CB,2,1191,MAN,LGW,1350,1825,20-12-2023
1373,G-CB,3,1192,LGW,LTN,1905,2320,20-12-2023
1374,G-CC,1,1131,LGW,STN,525,755,20-12-2023
1375,G-CC,2,1132,STN,LGW,840,1115,20-12-2023
1376,G-CC,3,1133,LGW,STN,1310,1745,20-12-2023
1377,G-CC,4,1134,STN,LGW,1800,2330,20-12-2023
1378,G-CD,1,Emp1125,LGW,MAN,630,830,20-12-2023
1379,G-CD,2,1126,MAN,GLA,915,1140,20-12-2023
1380,G-CD,3,1127,GLA,EDI,1200,1400,20-12-2023
1381,G-CD,4,1128,EDI,GLA,1500,1700,20-12-2023
1382,G-CD,5,1129,GLA,BRS,1800,2015,20-12-2023
1383,G-CD,6,Emp1130,BRS,LGW,2115,2350,20-12-2023
1384,G-AB,1,1151,LGW,BHX,600,800,21-12-2023
1385,G-AB,2,1152,BHX,GLA,900,1100,21-12-2023
1386,G-AB,3,1153,GLA,MAN,1200,1400,21-12-2023
1387,G-AB,4,1154,MAN,GLA,1500,1700,21-12-2023
1388,G-AB,5,1155,GLA,BRS,1800,2000,21-12-2023
1389,G-AB,6,1156,BRS,LGW,2100,2300,21-12-2023
1390,G-AC,1,1163,LTN,MAN,625,855,21-12-2023
1391,G-AC,2,1164,MAN,LTN,940,1215,21-12-2023
1392,G-AC,3,1165,LTN,STN,1310,1745,21-12-2023
1393,G-AC,4,1166,STN,LTN,1830,2335,21-12-2023
1394,G-AE,1,1115,LTN,MAN,650,920,21-12-2023
1395,G-AE,2,1116,MAN,LGW,1005,1240,21-12-2023
1396,G-AE,3,1117,LGW,BHX,1350,1825,21-12-2023
1397,G-AE,4,1118,BHX,LTN,1905,2320,21-12-2023
1398,G-BA,1,Emp1125,LGW,MAN,630,830,21-12-2023
1399,G-BA,2,1126,MAN,GLA,915,1140,21-12-2023
1400,G-BA,3,1127,GLA,EDI,1200,1400,21-12-2023
1401,G-BA,4,1128,EDI,GLA,1500,1700,21-12-2023
1402,G-BA,5,1129,GLA,BRS,1800,2015,21-12-2023
1403,G-BA,6,Emp1130,BRS,LGW,2115,2350,21-12-2023
1404,G-BB,1,1131,LGW,STN,525,755,21-12-2023
1405,G-BB,2,1132,STN,LGW,840,1115,21-12-2023
1406,G-BB,3,1133,LGW,STN,1310,1745,21-12-2023
1407,G-BB,4,1134,STN,LGW,1800,2330,21-12-2023
1408,G-BC,1,1135,LTN,EDI,630,900,21-12-2023
1409,G-BC,2,1136,EDI,LGW,1000,1230,21-12-2023
1410,G-BC,3,1137,LGW,MAN,1330,1800,21-12-2023
1411,G-BC,4,1138,MAN,LTN,1900,2300,21-12-2023
1412,G-BE,1,Emp1145,LGW,EDI,600,800,21-12-2023
1413,G-BE,2,1146,EDI,GLA,900,1115,21-12-2023
1414,G-BE,3,1147,GLA,MAN,1230,1430,21-12-2023
1415,G-BE,4,1148,MAN,GLA,1500,1730,21-12-2023
1416,G-BE,5,1149,GLA,BRS,1800,2000,21-12-2023
1417,G-BE,6,Emp1150,BRS,LGW,2100,2350,21-12-2023
1418,G-BF,1,1196,MAN,LGW,1200,1400,21-12-2023
1419,G-BF,2,1197,LGW,GLA,1500,1700,21-12-2023
1420,G-BF,3,1198,GLA,EDI,1800,2015,21-12-2023
1421,G-BF,4,1199,EDI,MAN,2115,2350,21-12-2023
1422,G-BG,1,1171,MAN,BRS,650,900,21-12-2023
1423,G-BG,2,1172,BRS,GLA,930,1140,21-12-2023
1424,G-BG,3,1173,GLA,EDI,1200,1400,21-12-2023
1425,G-BG,4,1174,EDI,GLA,1500,1700,21-12-2023
1426,G-BG,5,1175,GLA,LTN,1800,2000,21-12-2023
1427,G-BG,6,1176,LTN,MAN,2100,2300,21-12-2023
1428,G-CA,1,1183,MAN,EDI,650,920,21-12-2023
1429,G-CA,2,1184,EDI,MAN,1005,1240,21-12-2023
1430,G-CA,3,1185,MAN,LTN,1350,1825,21-12-2023
1431,G-CA,4,1186,LTN,MAN,1905,2320,21-12-2023
1432,G-CB,1,1190,LTN,MAN,1005,1240,21-12-2023
1433,G-CB,2,1191,MAN,LGW,1350,1825,21-12-2023
1434,G-CB,3,1192,LGW,LTN,1905,2320,21-12-2023
1435,G-CC,1,1167,LGW,MAN,650,920,21-12-2023
1436,G-CC,2,1168,MAN,LGW,1005,1240,21-12-2023
1437,G-CC,3,1169,LGW,MAN,1350,1825,21-12-2023
1438,G-CC,4,1170,MAN,LGW,1905,2320,21-12-2023
1439,G-CD,1,Emp1139,LGW,BRS,600,800,21-12-2023
1440,G-CD,2,1140,BRS,GLA,900,1100,21-12-2023
1441,G-CD,3,1141,GLA,EDI,1200,1400,21-12-2023
1442,G-CD,4,1142,EDI,GLA,1500,1700,21-12-2023
1443,G-CD,5,1143,GLA,BRS,1800,2000,21-12-2023
1444,G-CD,6,Emp1144,BRS,LGW,2100,2300,21-12-2023
1445,G-AB,1,1157,LGW,EDI,600,800,22-12-2023
1446,G-AB,2,1158,EDI,GLA,900,1115,22-12-2023
1447,G-AB,3,1159,GLA,BHX,1230,1430,22-12-2023
1448,G-AB,4,1160,BHX,GLA,1500,1730,22-12-2023
1449,G-AB,5,1161,GLA,MAN,1800,2000,22-12-2023
1450,G-AB,6,1162,MAN,LGW,2100,2350,22-12-2023
1451,G-AC,1,1163,LTN,MAN,625,855,22-12-2023
1452,G-AC,2,1164,MAN,LTN,940,1215,22-12-2023
1453,G-AC,3,1165,LTN,STN,1310,1745,22-12-2023
1454,G-AC,4,1166,STN,LTN,1830,2335,22-12-2023
1455,G-AE,1,1135,LTN,EDI,630,900,22-12-2023
1456,G-AE,2,1136,EDI,LGW,1000,1230,22-12-2023
1457,G-AE,3,1137,LGW,MAN,1330,1800,22-12-2023
1458,G-AE,4,1138,MAN,LTN,1900,2300,22-12-2023
1459,G-BA,1,Emp1139,LGW,BRS,600,800,22-12-2023
1460,G-BA,2,1140,BRS,GLA,900,1100,22-12-2023
1461,G-BA,3,1141,GLA,EDI,1200,1400,22-12-2023
1462,G-BA,4,1142,EDI,GLA,1500,1700,22-12-2023
1463,G-BA,5,1143,GLA,BRS,1800,2000,22-12-2023
1464,G-BA,6,Emp1144,BRS,LGW,2100,2300,22-12-2023
1465,G-BB,1,1131,LGW,STN,525,755,22-12-2023
1466,G-BB,2,1132,STN,LGW,840,1115,22-12-2023
1467,G-BB,3,1133,LGW,STN,1310,1745,22-12-2023
1468,G-BB,4,1134,STN,LGW,1800,2330,22-12-2023
1469,G-BC,1,1115,LTN,MAN,650,920,22-12-2023
1470,G-BC,2,1116,MAN,LGW,1005,1240,22-12-2023
1471,G-BC,3,1117,LGW,BHX,1350,1825,22-12-2023
1472,G-BC,4,1118,BHX,LTN,1905,2320,22-12-2023
1473,G-BE,1,Emp1119,LGW,BRS,650,900,22-12-2023
1474,G-BE,2,1120,BRS,GLA,930,1140,22-12-2023
1475,G-BE,3,1121,GLA,EDI,1200,1400,22-12-2023
1476,G-BE,4,1122,EDI,GLA,1500,1700,22-12-2023
1477,G-BE,5,1123,GLA,BRS,1800,2000,22-12-2023
1478,G-BE,6,Emp1124,BRS,LGW,2100,2300,22-12-2023
1479,G-BF,1,1196,MAN,LGW,1200,1400,22-12-2023
1480,G-BF,2,1197,LGW,GLA,1500,1700,22-12-2023
1481,G-BF,3,1198,GLA,EDI,1800,2015,22-12-2023
1482,G-BF,4,1199,EDI,MAN,2115,2350,22-12-2023
1483,G-BG,1,1171,MAN,BRS,650,900,22-12-2023
1484,G-BG,2,1172,BRS,GLA,930,1140,22-12-2023
1485,G-BG,3,1173,GLA,EDI,1200,1400,22-12-2023
1486,G-BG,4,1174,EDI,GLA,1500,1700,22-12-2023
1487,G-BG,5,1175,GLA,LTN,1800,2000,22-12-2023
1488,G-BG,6,1176,LTN,MAN,2100,2300,22-12-2023
1489,G-CA,1,1183,MAN,EDI,650,920,22-12-2023
1490,G-CA,2,1184,EDI,MAN,1005,1240,22-12-2023
1491,G-CA,3,1185,MAN,LTN,1350,1825,22-12-2023
1492,G-CA,4,1186,LTN,MAN,1905,2320,22-12-2023
1493,G-CB,1,1190,LTN,MAN,1005,1240,22-12-2023
1494,G-CB,2,1191,MAN,LGW,1350,1825,22-12-2023
1495,G-CB,3,1192,LGW,LTN,1905,2320,22-12-2023
1496,G-CC,1,1111,LGW,MAN,625,855,22-12-2023
1497,G-CC,2,1112,MAN,LGW,940,1215,22-12-2023
1498,G-CC,3,1113,LGW,STN,1310,1745,22-12-2023
1499,G-CC,4,1114,STN,LGW,1830,2335,22-12-2023
1500,G-CD,1,Emp1145,LGW,EDI,600,800,22-12-2023
1501,G-CD,2,1146,EDI,GLA,900,1115,22-12-2023
1502,G-CD,3,1147,GLA,MAN,1230,1430,22-12-2023
1503,G-CD,4,1148,MAN,GLA,1500,1730,22-12-2023
1504,G-CD,5,1149,GLA,BRS,1800,2000,22-12-2023
1505,G-CD,6,Emp1150,BRS,LGW,2100,2350,22-12-2023
1506,G-AB,1,1151,LGW,BHX,600,800,23-12-2023
1507,G-AB,2,1152,BHX,GLA,900,1100,23-12-2023
1508,G-AB,3,1153,GLA,MAN,1200,1400,23-12-2023
1509,G-AB,4,1154,MAN,GLA,1500,1700,23-12-2023
1510,G-AB,5,1155,GLA,BRS,1800,2000,23-12-2023
1511,G-AB,6,1156,BRS,LGW,2100,2300,23-12-2023
1512,G-AC,1,1115,LTN,MAN,650,920,23-12-2023
1513,G-AC,2,1116,MAN,LGW,1005,1240,23-12-2023
1514,G-AC,3,1117,LGW,BHX,1350,1825,23-12-2023
1515,G-AC,4,1118,BHX,LTN,1905,2320,23-12-2023
1516,G-AE,1,1163,LTN,MAN,625,855,23-12-2023
1517,G-AE,2,1164,MAN,LTN,940,1215,23-12-2023
1518,G-AE,3,1165,LTN,STN,1310,1745,23-12-2023
1519,G-AE,4,1166,STN,LTN,1830,2335,23-12-2023
1520,G-BA,1,Emp1125,LGW,MAN,630,830,23-12-2023
1521,G-BA,2,1126,MAN,GLA,915,1140,23-12-2023
1522,G-BA,3,1127,GLA,EDI,1200,1400,23-12-2023
1523,G-BA,4,1128,EDI,GLA,1500,1700,23-12-2023
1524,G-BA,5,1129,GLA,BRS,1800,2015,23-12-2023
1525,G-BA,6,Emp1130,BRS,LGW,2115,2350,23-12-2023
1526,G-BB,1,1111,LGW,MAN,625,855,23-12-2023
1527,G-BB,2,1112,MAN,LGW,940,1215,23-12-2023
1528,G-BB,3,1113,LGW,STN,1310,1745,23-12-2023
1529,G-BB,4,1114,STN,LGW,1830,2335,23-12-2023
1530,G-BC,1,1135,LTN,EDI,630,900,23-12-2023
1531,G-BC,2,1136,EDI,LGW,1000,1230,23-12-2023
1532,G-BC,3,1137,LGW,MAN,1330,1800,23-12-2023
1533,G-BC,4,1138,MAN,LTN,1900,2300,23-12-2023
1534,G-BD,1,1167,LGW,MAN,650,920,23-12-2023
1535,G-BD,2,1168,MAN,LGW,1005,1240,23-12-2023
1536,G-BD,3,1169,LGW,MAN,1350,1825,23-12-2023
1537,G-BD,4,1170,MAN,LGW,1905,2320,23-12-2023
1538,G-BE,1,Emp1145,LGW,EDI,600,800,23-12-2023
1539,G-BE,2,1146,EDI,GLA,900,1115,23-12-2023
1540,G-BE,3,1147,GLA,MAN,1230,1430,23-12-2023
1541,G-BE,4,1148,MAN,GLA,1500,1730,23-12-2023
1542,G-BE,5,1149,GLA,BRS,1800,2000,23-12-2023
1543,G-BE,6,Emp1150,BRS,LGW,2100,2350,23-12-2023
1544,G-BF,1,1196,MAN,LGW,1200,1400,23-12-2023
1545,G-BF,2,1197,LGW,GLA,1500,1700,23-12-2023
1546,G-BF,3,1198,GLA,EDI,1800,2015,23-12-2023
1547,G-BF,4,1199,EDI,MAN,2115,2350,23-12-2023
1548,G-BG,1,1171,MAN,BRS,650,900,23-12-2023
1549,G-BG,2,1172,BRS,GLA,930,1140,23-12-2023
1550,G-BG,3,1173,GLA,EDI,1200,1400,23-12-2023
1551,G-BG,4,1174,EDI,GLA,1500,1700,23-12-2023
1552,G-BG,5,1175,GLA,LTN,1800,2000,23-12-2023
1553,G-BG,6,1176,LTN,MAN,2100,2300,23-12-2023
1554,G-CA,1,1183,MAN,EDI,650,920,23-12-2023
1555,G-CA,2,1184,EDI,MAN,1005,1240,23-12-2023
1556,G-CA,3,1185,MAN,LTN,1350,1825,23-12-2023
1557,G-CA,4,1186,LTN,MAN,1905,2320,23-12-2023
1558,G-CB,1,1190,LTN,MAN,1005,1240,23-12-2023
1559,G-CB,2,1191,MAN,LGW,1350,1825,23-12-2023
1560,G-CB,3,1192,LGW,LTN,1905,2320,23-12-2023
1561,G-CC,1,1131,LGW,STN,525,755,23-12-2023
1562,G-CC,2,1132,STN,LGW,840,1115,23-12-2023
1563,G-CC,3,1133,LGW,STN,1310,1745,23-12-2023
1564,G-CC,4,1134,STN,LGW,1800,2330,23-12-2023
1565,G-CD,1,Emp1139,LGW,BRS,600,800,23-12-2023
1566,G-CD,2,1140,BRS,GLA,900,1100,23-12-2023
1567,G-CD,3,1141,GLA,EDI,1200,1400,23-12-2023
1568,G-CD,4,1142,EDI,GLA,1500,1700,23-12-2023
1569,G-CD,5,1143,GLA,BRS,1800,2000,23-12-2023
1570,G-CD,6,Emp1144,BRS,LGW,2100,2300,23-12-2023
1571,G-AB,1,1157,LGW,EDI,600,800,24-12-2023
1572,G-AB,2,1158,EDI,GLA,900,1115,24-12-2023
1573,G-AB,3,1159,GLA,BHX,1230,1430,24-12-2023
1574,G-AB,4,1160,BHX,GLA,1500,1730,24-12-2023
1575,G-AB,5,1161,GLA,MAN,1800,2000,24-12-2023
1576,G-AB,6,1162,MAN,LGW,2100,2350,24-12-2023
1577,G-AC,1,1115,LTN,MAN,650,920,24-12-2023
1578,G-AC,2,1116,MAN,LGW,1005,1240,24-12-2023
1579,G-AC,3,1117,LGW,BHX,1350,1825,24-12-2023
1580,G-AC,4,1118,BHX,LTN,1905,2320,24-12-2023
1581,G-BA,1,Emp1139,LGW,BRS,600,800,24-12-2023
1582,G-BA,2,1140,BRS,GLA,900,1100,24-12-2023
1583,G-BA,3,1141,GLA,EDI,1200,1400,24-12-2023
1584,G-BA,4,1142,EDI,GLA,1500,1700,24-12-2023
1585,G-BA,5,1143,GLA,BRS,1800,2000,24-12-2023
1586,G-BA,6,Emp1144,BRS,LGW,2100,2300,24-12-2023
1587,G-BB,1,1131,LGW,STN,525,755,24-12-2023
1588,G-BB,2,1132,STN,LGW,840,1115,24-12-2023
1589,G-BB,3,1133,LGW,STN,1310,1745,24-12-2023
1590,G-BB,4,1134,STN,LGW,1800,2330,24-12-2023
1591,G-BC,1,1135,LTN,EDI,630,900,24-12-2023
1592,G-BC,2,1136,EDI,LGW,1000,1230,24-12-2023
1593,G-BC,3,1137,LGW,MAN,1330,1800,24-12-2023
1594,G-BC,4,1138,MAN,LTN,1900,2300,24-12-2023
1595,G-BD,1,1111,LGW,MAN,625,855,24-12-2023
1596,G-BD,2,1112,MAN,LGW,940,1215,24-12-2023
1597,G-BD,3,1113,LGW,STN,1310,1745,24-12-2023
1598,G-BD,4,1114,STN,LGW,1830,2335,24-12-2023
1599,G-BF,1,1196,MAN,LGW,1200,1400,24-12-2023
1600,G-BF,2,1197,LGW,GLA,1500,1700,24-12-2023
1601,G-BF,3,1198,GLA,EDI,1800,2015,24-12-2023
1602,G-BF,4,1199,EDI,MAN,2115,2350,24-12-2023
1603,G-BG,1,1171,MAN,BRS,650,900,24-12-2023
1604,G-BG,2,1172,BRS,GLA,930,1140,24-12-2023
1605,G-BG,3,1173,GLA,EDI,1200,1400,24-12-2023
1606,G-BG,4,1174,EDI,GLA,1500,1700,24-12-2023
1607,G-BG,5,1175,GLA,LTN,1800,2000,24-12-2023
1608,G-BG,6,1176,LTN,MAN,2100,2300,24-12-2023
1609,G-CA,1,1183,MAN,EDI,650,920,24-12-2023
1610,G-CA,2,1184,EDI,MAN,1005,1240,24-12-2023
1611,G-CA,3,1185,MAN,LTN,1350,1825,24-12-2023
1612,G-CA,4,1186,LTN,MAN,1905,2320,24-12-2023
1613,G-CB,1,1193,LTN,MAN,930,1140,24-12-2023
1614,G-CB,2,1194,MAN,LGW,1200,1400,24-12-2023
1615,G-CB,3,1195,LGW,LTN,1500,1700,24-12-2023
1616,G-CD,1,Emp1119,LGW,BRS,650,900,24-12-2023
1617,G-CD,2,1120,BRS,GLA,930,1140,24-12-2023
1618,G-CD,3,1121,GLA,EDI,1200,1400,24-12-2023
1619,G-CD,4,1122,EDI,GLA,1500,1700,24-12-2023
1620,G-CD,5,1123,GLA,BRS,1800,2000,24-12-2023
1621,G-CD,6,Emp1124,BRS,LGW,2100,2300,24-12-2023
